,alphaGold,alphaBitcoin,value
0,0.0,0.0,23605.392755464203
1,0.0,0.1,23498.77031168264
2,0.0,0.2,23392.62857511452
3,0.0,0.3,23286.96538251626
4,0.0,0.4,23181.778580356033
5,0.0,0.5,23077.066024780488
6,0.0,0.6,22972.825581562298
7,0.0,0.7,22869.055126060834
8,0.0,0.8,22765.752543182818
9,0.0,0.9,22662.915727331078
10,0.0,1.0,22560.542582371494
11,0.0,1.1,22458.631021581212
12,0.0,1.2,22357.17896761553
13,0.0,1.3,22256.18435245836
14,0.0,1.4,22155.64511738297
15,0.0,1.5,22055.559212914486
16,0.0,1.6,21955.924598780155
17,0.0,1.7,21856.739243877102
18,0.0,1.8,21758.001126223444
19,0.0,1.9,21659.708232920828
20,0.0,2.0,21561.858560116525
21,0.0,2.1,21464.45011295601
22,0.0,2.2,21367.480905550656
23,0.0,2.3,21270.94896093018
24,0.0,2.4,21174.852311005736
25,0.0,2.5,21079.188996533812
26,0.0,2.6,20983.957067068357
27,0.0,2.7,20889.154580930415
28,0.0,2.8,20794.779605161166
29,0.0,2.9,20700.83021548596
30,0.0,3.0,20607.304496278517
31,0.0,3.1,20514.200540515085
32,0.0,3.2,20421.516449743765
33,0.0,3.3,20329.250334038028
34,0.0,3.4,20237.400311966972
35,0.0,3.5,20145.96451054933
36,0.0,3.6,20054.941065219566
37,0.0,3.7,19964.32811979241
38,0.0,3.8,19874.1238264184
39,0.0,3.9,19784.326345555102
40,0.0,4.0,19694.933845921714
41,0.0,4.1,19605.94450446633
42,0.0,4.2,19517.356506330936
43,0.0,4.3,19429.168044808237
44,0.0,4.4,19341.377321312935
45,0.0,4.5,19253.982545338626
46,0.0,4.6,19166.981934423915
47,0.0,4.7,19080.37371411982
48,0.0,4.8,18994.156117946764
49,0.0,4.9,18908.327387366717
50,0.1,0.0,23485.70586887025
51,0.1,0.1,23379.62411527332
52,0.1,0.2,23274.020630825988
53,0.1,0.3,23168.893263258386
54,0.1,0.4,23064.23986996269
55,0.1,0.5,22960.05831796023
56,0.1,0.6,22856.34648384972
57,0.1,0.7,22753.10225376784
58,0.1,0.8,22650.323523350482
59,0.1,0.9,22548.00819768116
60,0.1,1.0,22446.154191258265
61,0.1,1.1,22344.759427944296
62,0.1,1.2,22243.821840931883
63,0.1,1.3,22143.33937269466
64,0.1,1.4,22043.309974949563
65,0.1,1.5,21943.731608617327
66,0.1,1.6,21844.602243774563
67,0.1,1.7,21745.91985962135
68,0.1,1.8,21647.68244443222
69,0.1,1.9,21549.88799551933
70,0.1,2.0,21452.53451919477
71,0.1,2.1,21355.620030722777
72,0.1,2.2,21259.14255428803
73,0.1,2.3,21163.10012294866
74,0.1,2.4,21067.490778599
75,0.1,2.5,20972.312571933624
76,0.1,2.6,20877.56356240017
77,0.1,2.7,20783.241818169045
78,0.1,2.8,20689.345416085962
79,0.1,2.9,20595.872441637606
80,0.1,3.0,20502.820988914355
81,0.1,3.1,20410.189160565715
82,0.1,3.2,20317.97506776992
83,0.1,3.3,20226.176830187193
84,0.1,3.4,20134.792575929634
85,0.1,3.5,20043.82044151713
86,0.1,3.6,19953.25857184168
87,0.1,3.7,19863.10512013364
88,0.1,3.8,19773.358247916876
89,0.1,3.9,19684.016124979404
90,0.1,4.0,19595.07692933017
91,0.1,4.1,19506.538847164087
92,0.1,4.2,19418.400072829205
93,0.1,4.3,19330.658808782602
94,0.1,4.4,19243.3132655622
95,0.1,4.5,19156.361661743613
96,0.1,4.6,19069.80222390715
97,0.1,4.7,18983.63318660449
98,0.1,4.8,18897.852792316335
99,0.1,4.9,18812.4592914248
100,0.2,0.0,23366.624820685163
101,0.2,0.1,23261.08101996684
102,0.2,0.2,23156.0130626798
103,0.2,0.3,23051.418807471277
104,0.2,0.4,22947.29612260256
105,0.2,0.5,22843.642885914283
106,0.2,0.6,22740.456984776683
107,0.2,0.7,22637.7363160493
108,0.2,0.8,22535.47878604235
109,0.2,0.9,22433.68231046611
110,0.2,1.0,22332.344814398064
111,0.2,1.1,22231.464232231872
112,0.2,1.2,22131.038507644436
113,0.2,1.3,22031.06559354642
114,0.2,1.4,21931.543452044447
115,0.2,1.5,21832.47005440291
116,0.2,1.6,21733.84338099551
117,0.2,1.7,21635.661421272922
118,0.2,1.8,21537.92217371418
119,0.2,1.9,21440.62364579027
120,0.2,2.0,21343.76385392645
121,0.2,2.1,21247.340823454426
122,0.2,2.2,21151.35258858168
123,0.2,2.3,21055.797192343416
124,0.2,2.4,20960.672686566642
125,0.2,2.5,20865.977131834046
126,0.2,2.6,20771.708597436816
127,0.2,2.7,20677.865161344205
128,0.2,2.8,20584.444910157894
129,0.2,2.9,20491.44593907523
130,0.2,3.0,20398.866351854987
131,0.2,3.1,20306.70426077096
132,0.2,3.2,20214.95778658224
133,0.2,3.3,20123.625058487076
134,0.2,3.4,20032.704214093035
135,0.2,3.5,19942.193399372212
136,0.2,3.6,19852.090768626957
137,0.2,3.7,19762.394484455137
138,0.2,3.8,19673.102717706483
139,0.2,3.9,19584.213647452798
140,0.2,4.0,19495.725460944872
141,0.2,4.1,19407.6363535782
142,0.2,4.2,19319.94452886002
143,0.2,4.3,19232.648198365365
144,0.2,4.4,19145.745581709292
145,0.2,4.5,19059.234906503654
146,0.2,4.6,18973.11440832418
147,0.2,4.7,18887.382330677858
148,0.2,4.8,18802.036924960503
149,0.2,4.9,18717.0764504288
150,0.3,0.0,23248.14654936588
151,0.3,0.1,23143.137978055507
152,0.3,0.2,23038.6028367401
153,0.3,0.3,22934.538994929466
154,0.3,0.4,22830.944331698316
155,0.3,0.5,22727.81673565229
156,0.3,0.6,22625.154104878482
157,0.3,0.7,22522.95434690475
158,0.3,0.8,22421.21537866179
159,0.3,0.9,22319.935126432705
160,0.3,1.0,22219.111525820525
161,0.3,1.1,22118.74252169695
162,0.3,1.2,22018.826068169936
163,0.3,1.3,21919.36012853398
164,0.3,1.4,21820.34267523345
165,0.3,1.5,21721.77168982367
166,0.3,1.6,21623.645162923127
167,0.3,1.7,21525.96109418117
168,0.3,1.8,21428.71749222996
169,0.3,1.9,21331.912374647607
170,0.3,2.0,21235.543767921346
171,0.3,2.1,21139.609707399697
172,0.3,2.2,21044.108237261673
173,0.3,2.3,20949.03741046948
174,0.3,2.4,20854.395288732354
175,0.3,2.5,20760.17994247099
176,0.3,2.6,20666.38945076993
177,0.3,2.7,20573.02190134853
178,0.3,2.8,20480.07539051389
179,0.3,2.9,20387.548023126066
180,0.3,3.0,20295.437912562447
181,0.3,3.1,20203.74318067218
182,0.3,3.2,20112.46195774745
183,0.3,3.3,20021.592382475792
184,0.3,3.4,19931.132601912268
185,0.3,3.5,19841.080771433393
186,0.3,3.6,19751.435054703976
187,0.3,3.7,19662.19362364229
188,0.3,3.8,19573.354658376335
189,0.3,3.9,19484.916347214792
190,0.3,4.0,19396.876886603575
191,0.3,4.1,19309.23448109232
192,0.3,4.2,19221.987343300625
193,0.3,4.3,19135.13369387585
194,0.3,4.4,19048.671761463793
195,0.3,4.5,18962.599782666894
196,0.3,4.6,18876.91600201101
197,0.3,4.7,18791.618671912744
198,0.3,4.8,18706.70605263782
199,0.3,4.9,18622.176412273195
200,0.4,0.0,23130.268008809337
201,0.4,0.1,23025.791957200952
202,0.4,0.2,22921.78693437174
203,0.4,0.3,22818.250820638747
204,0.4,0.4,22715.181505835357
205,0.4,0.5,22612.576889278178
206,0.4,0.6,22510.434879716064
207,0.4,0.7,22408.75339529161
208,0.4,0.8,22307.5303635024
209,0.4,0.9,22206.76372115105
210,0.4,1.0,22106.451414312018
211,0.4,1.1,22006.591398282428
212,0.4,1.2,21907.181637548172
213,0.4,1.3,21808.220105735567
214,0.4,1.4,21709.704785573864
215,0.4,1.5,21611.633668857503
216,0.4,1.6,21514.004756397688
217,0.4,1.7,21416.816057990993
218,0.4,1.8,21320.065592370895
219,0.4,1.9,21223.75138717192
220,0.4,2.0,21127.871478892124
221,0.4,2.1,21032.42391284609
222,0.4,2.2,20937.40674313389
223,0.4,2.3,20842.81803259435
224,0.4,2.4,20748.65585276915
225,0.4,2.5,20654.91828386677
226,0.4,2.6,20561.603414716094
227,0.4,2.7,20468.709342736573
228,0.4,2.8,20376.234173892208
229,0.4,2.9,20284.17602265621
230,0.4,3.0,20192.53301197606
231,0.4,3.1,20101.303273228325
232,0.4,3.2,20010.484946188928
233,0.4,3.3,19920.0761789877
234,0.4,3.4,19830.07512807875
235,0.4,3.5,19740.479958195643
236,0.4,3.6,19651.28884231797
237,0.4,3.7,19562.49996163741
238,0.4,3.8,19474.111505513298
239,0.4,3.9,19386.121671444234
240,0.4,4.0,19298.528665024864
241,0.4,4.1,19211.330699912414
242,0.4,4.2,19124.525997793127
243,0.4,4.3,19038.11278834017
244,0.4,4.4,18952.08930918474
245,0.4,4.5,18866.453805873996
246,0.4,4.6,18781.204531838794
247,0.4,4.7,18696.33974836064
248,0.4,4.8,18611.85772452979
249,0.4,4.9,18527.756737218457
250,0.5,0.0,23012.98616828535
251,0.5,0.1,22909.03994036867
252,0.5,0.2,22805.562352173692
253,0.5,0.3,22702.55129477029
254,0.5,0.4,22600.004668696023
255,0.5,0.5,22497.92038392391
256,0.5,0.6,22396.29635981105
257,0.5,0.7,22295.130525060977
258,0.5,0.8,22194.420817684222
259,0.5,0.9,22094.165184949485
260,0.5,1.0,21994.3615833504
261,0.5,1.1,21895.007978556285
262,0.5,1.2,21796.10234537847
263,0.5,1.3,21697.642667722663
264,0.5,1.4,21599.626938551035
265,0.5,1.5,21502.0531598452
266,0.5,1.6,21404.91934255754
267,0.5,1.7,21308.223506580307
268,0.5,1.8,21211.963680697583
269,0.5,1.9,21116.137902549017
270,0.5,2.0,21020.744218592736
271,0.5,2.1,20925.780684058976
272,0.5,2.2,20831.245362918595
273,0.5,2.3,20737.136327837317
274,0.5,2.4,20643.4516601391
275,0.5,2.5,20550.18944977085
276,0.5,2.6,20457.34779525636
277,0.5,2.7,20364.92480366617
278,0.5,2.8,20272.91859057195
279,0.5,2.9,20181.327280011767
280,0.5,3.0,20090.1490044546
281,0.5,3.1,19999.38190475608
282,0.5,3.2,19909.024130128393
283,0.5,3.3,19819.073838095035
284,0.5,3.4,19729.529194461844
285,0.5,3.5,19640.388373272097
286,0.5,3.6,19551.649556773384
287,0.5,3.7,19463.31093538322
288,0.5,3.8,19375.370707645732
289,0.5,3.9,19287.82708020302
290,0.5,4.0,19200.678267752057
291,0.5,4.1,19113.92249301153
292,0.5,4.2,19027.557986688487
293,0.5,4.3,18941.582987436006
294,0.5,4.4,18855.99574182527
295,0.5,4.5,18770.79450430318
296,0.5,4.6,18685.97753716007
297,0.5,4.7,18601.543110497336
298,0.5,4.8,18517.489502185577
299,0.5,4.9,18433.814997837453
300,0.6,0.0,22896.298012349842
301,0.6,0.1,22792.878925740828
302,0.6,0.2,22689.92610189331
303,0.6,0.3,22587.437442575283
304,0.6,0.4,22485.41085897456
305,0.6,0.5,22383.844271666003
306,0.6,0.6,22282.73561056188
307,0.6,0.7,22182.082814872498
308,0.6,0.8,22081.883833068805
309,0.6,0.9,21982.136622832295
310,0.6,1.0,21882.83915102311
311,0.6,1.1,21783.989393629883
312,0.6,1.2,21685.585335737625
313,0.6,1.3,21587.62497147877
314,0.6,1.4,21490.1063039972
315,0.6,1.5,21393.027345409646
316,0.6,1.6,21296.386116758593
317,0.6,1.7,21200.180647980716
318,0.6,1.8,21104.408977859857
319,0.6,1.9,21009.069153989705
320,0.6,2.0,20914.159232738828
321,0.6,2.1,20819.677279202286
322,0.6,2.2,20725.62136717229
323,0.6,2.3,20631.989579091016
324,0.6,2.4,20538.78000601548
325,0.6,2.5,20445.99074758175
326,0.6,2.6,20353.619911959297
327,0.6,2.7,20261.665615820926
328,0.6,2.8,20170.125984297505
329,0.6,2.9,20078.99915094327
330,0.6,3.0,19988.283257700696
331,0.6,3.1,19897.97645485618
332,0.6,3.2,19808.076901010416
333,0.6,3.3,19718.582763033435
334,0.6,3.4,19629.49221603493
335,0.6,3.5,19540.803443321194
336,0.6,3.6,19452.514636360313
337,0.6,3.7,19364.623994749327
338,0.6,3.8,19277.129726170606
339,0.6,3.9,19190.030046363478
340,0.6,4.0,19103.323179081133
341,0.6,4.1,19017.00735605754
342,0.6,4.2,18931.080816975027
343,0.6,4.3,18845.54180942137
344,0.6,4.4,18760.388588862363
345,0.6,4.5,18675.619418599235
346,0.6,4.6,18591.23256973734
347,0.6,4.7,18507.226321153074
348,0.6,4.8,18423.598959452902
349,0.6,4.9,18340.348778946
350,0.7,0.0,22780.200540772163
351,0.7,0.1,22677.305926644454
352,0.7,0.2,22574.87521035404
353,0.7,0.3,22472.906304312637
354,0.7,0.4,22371.397130304453
355,0.7,0.5,22270.345619452906
356,0.7,0.6,22169.7497121713
357,0.7,0.7,22069.607358124304
358,0.7,0.8,21969.9165161895
359,0.7,0.9,21870.675154409015
360,0.7,1.0,21771.881249956616
361,0.7,1.1,21673.5327890882
362,0.7,1.2,21575.627767110134
363,0.7,1.3,21478.164188330713
364,0.7,1.4,21381.140066022635
365,0.7,1.5,21284.553422387395
366,0.7,1.6,21188.40228850601
367,0.7,1.7,21092.684704309042
368,0.7,1.8,20997.398718529013
369,0.7,1.9,20902.542388664122
370,0.7,2.0,20808.113780941992
371,0.7,2.1,20714.11097027328
372,0.7,2.2,20620.532040221406
373,0.7,2.3,20527.37508295587
374,0.7,2.4,20434.63819921751
375,0.7,2.5,20342.319498282253
376,0.7,2.6,20250.417097916416
377,0.7,2.7,20158.929124346596
378,0.7,2.8,20067.853712214186
379,0.7,2.9,19977.189004541542
380,0.7,3.0,19886.933152696645
381,0.7,3.1,19797.084316348904
382,0.7,3.2,19707.640663440136
383,0.7,3.3,19618.60037013908
384,0.7,3.4,19529.961620812952
385,0.7,3.5,19441.72260798322
386,0.7,3.6,19353.881532292642
387,0.7,3.7,19266.43660247081
388,0.7,3.8,19179.386035292322
389,0.7,3.9,19092.728055547293
390,0.7,4.0,19006.46089599935
391,0.7,4.1,18920.58279735251
392,0.7,4.2,18835.09200821859
393,0.7,4.3,18749.986785074823
394,0.7,4.4,18665.265392236342
395,0.7,4.5,18580.926101814428
396,0.7,4.6,18496.96719368441
397,0.7,4.7,18413.38695545336
398,0.7,4.8,18330.183682419338
399,0.7,4.9,18247.35567754406
400,0.8,0.0,22664.69076846182
401,0.8,0.1,22562.31797147827
402,0.8,0.2,22460.406719382878
403,0.8,0.3,22358.95493517734
404,0.8,0.4,22257.960551188426
405,0.8,0.5,22157.421509034735
406,0.8,0.6,22057.33575957732
407,0.8,0.7,21957.701262882292
408,0.8,0.8,21858.51598818144
409,0.8,0.9,21759.777913824633
410,0.8,1.0,21661.485027247316
411,0.8,1.1,21563.635324920673
412,0.8,1.2,21466.226812320856
413,0.8,1.3,21369.257503879457
414,0.8,1.4,21272.725422947973
415,0.8,1.5,21176.62860176092
416,0.8,1.6,21080.965081387065
417,0.8,1.7,20985.73291170047
418,0.8,1.8,20890.930151331766
419,0.8,1.9,20796.554867633196
420,0.8,2.0,20702.605136642185
421,0.8,2.1,20609.079043035
422,0.8,2.2,20515.97468009669
423,0.8,2.3,20423.29014967504
424,0.8,2.4,20331.02356214515
425,0.8,2.5,20239.17303637435
426,0.8,2.6,20147.736699677283
427,0.8,2.7,20056.712687785726
428,0.8,2.8,19966.09914480369
429,0.8,2.9,19875.894223173647
430,0.8,3.0,19786.096083641067
431,0.8,3.1,19696.702895211227
432,0.8,3.2,19607.71283511947
433,0.8,3.3,19519.12408878638
434,0.8,3.4,19430.934849789577
435,0.8,3.5,19343.143319819425
436,0.8,3.6,19255.747708646213
437,0.8,3.7,19168.74623408656
438,0.8,3.8,19082.137121960826
439,0.8,3.9,18995.918606064213
440,0.8,4.0,18910.088928125093
441,0.8,4.1,18824.646337772294
442,0.8,4.2,18739.58909250148
443,0.8,4.3,18654.915457634597
444,0.8,4.4,18570.62370629164
445,0.8,4.5,18486.712119348776
446,0.8,4.6,18403.178985407063
447,0.8,4.7,18320.022600760265
448,0.8,4.8,18237.24126935379
449,0.8,4.9,18154.83330275782
450,0.9,0.0,22549.765725383324
451,0.9,0.1,22447.912103628238
452,0.9,0.2,22346.51768572651
453,0.9,0.3,22245.58040521632
454,0.9,0.4,22145.098204913695
455,0.9,0.5,22045.06903687911
456,0.9,0.6,21945.4908623692
457,0.9,0.7,21846.361651797673
458,0.9,0.8,21747.67938469894
459,0.9,0.9,21649.442049678044
460,0.9,1.0,21551.6476443801
461,0.9,1.1,21454.294175440107
462,0.9,1.2,21357.379658452042
463,0.9,1.3,21260.902117920257
464,0.9,1.4,21164.859587223622
465,0.9,1.5,21069.250108578377
466,0.9,1.6,20974.071732991375
467,0.9,1.7,20879.322520229027
468,0.9,1.8,20785.00053877045
469,0.9,1.9,20691.103865771824
470,0.9,2.0,20597.63058703082
471,0.9,2.1,20504.57879693954
472,0.9,2.2,20411.946598455837
473,0.9,2.3,20319.732103056376
474,0.9,2.4,20227.93343070212
475,0.9,2.5,20136.548709803068
476,0.9,2.6,20045.5760771738
477,0.9,2.7,19955.013678002968
478,0.9,2.8,19864.859665809563
479,0.9,2.9,19775.112202408116
480,0.9,3.0,19685.769457874667
481,0.9,3.1,19596.829610502537
482,0.9,3.2,19508.290846773776
483,0.9,3.3,19420.151361313998
484,0.9,3.4,19332.409356864468
485,0.9,3.5,19245.06304423803
486,0.9,3.6,19158.110642286498
487,0.9,3.7,19071.550377867083
488,0.9,3.8,18985.38048580015
489,0.9,3.9,18899.59920884073
490,0.9,4.0,18814.204797636565
491,0.9,4.1,18729.19551069547
492,0.9,4.2,18644.56961435277
493,0.9,4.3,18560.325382729894
494,0.9,4.4,18476.461097706866
495,0.9,4.5,18392.975048880857
496,0.9,4.6,18309.86553353426
497,0.9,4.7,18227.130856603366
498,0.9,4.8,18144.76933063739
499,0.9,4.9,18062.77927577148
500,1.0,0.0,22435.422456491007
501,1.0,0.1,22334.085381401674
502,1.0,0.2,22233.205180985562
503,1.0,0.3,22132.779799263608
504,1.0,0.4,22032.80718948789
505,1.0,0.5,21933.285314108267
506,1.0,0.6,21834.212144723482
507,1.0,0.7,21735.585662043544
508,1.0,0.8,21637.403855852113
509,1.0,0.9,21539.66472495853
510,1.0,1.0,21442.366277165373
511,1.0,1.1,21345.50652922025
512,1.0,1.2,21249.08350678331
513,1.0,1.3,21153.095244380864
514,1.0,1.4,21057.539785368273
515,1.0,1.5,20962.41518189333
516,1.0,1.6,20867.71949485027
517,1.0,1.7,20773.450793847805
518,1.0,1.8,20679.607157163606
519,1.0,1.9,20586.186671708496
520,1.0,2.0,20493.187432990242
521,1.0,2.1,20400.607545068626
522,1.0,2.2,20308.44512052427
523,1.0,2.3,20216.698280414606
524,1.0,2.4,20125.365154237665
525,1.0,2.5,20034.443879897888
526,1.0,2.6,19943.9326036615
527,1.0,2.7,19853.82948012648
528,1.0,2.8,19764.132672178872
529,1.0,2.9,19674.840350957937
530,1.0,3.0,19585.95069582282
531,1.0,3.1,19497.461894307955
532,1.0,3.2,19409.372142095242
533,1.0,3.3,19321.679642968757
534,1.0,3.4,19234.382608786957
535,1.0,3.5,19147.479259439024
536,1.0,3.6,19060.9678228122
537,1.0,3.7,18974.846534758755
538,1.0,3.8,18889.11363905338
539,1.0,3.9,18803.76738736535
540,1.0,4.0,18718.80603921665
541,1.0,4.1,18634.2278619493
542,1.0,4.2,18550.031130693424
543,1.0,4.3,18466.214128325446
544,1.0,4.4,18382.77514544105
545,1.0,4.5,18299.712480313974
546,1.0,4.6,18217.024438864246
547,1.0,4.7,18134.709334626903
548,1.0,4.8,18052.76548871135
549,1.0,4.9,17971.191229774246
550,1.1,0.0,22321.65802164286
551,1.1,0.1,22220.83487794308
552,1.1,0.2,22120.466291530418
553,1.1,0.3,22020.550216856005
554,1.1,0.4,21921.08461755498
555,1.1,0.5,21822.067466413744
556,1.1,0.6,21723.49674532097
557,1.1,0.7,21625.37044523107
558,1.1,0.8,21527.686566124954
559,1.1,0.9,21430.44311696403
560,1.1,1.0,21333.63811565766
561,1.1,1.1,21237.26958901393
562,1.1,1.2,21141.335572709148
563,1.1,1.3,21045.83411124033
564,1.1,1.4,20950.763257888837
565,1.1,1.5,20856.121074683884
566,1.1,1.6,20761.905632356444
567,1.1,1.7,20668.115010308542
568,1.1,1.8,20574.747296566355
569,1.1,1.9,20481.800587745704
570,1.1,2.0,20389.272989015917
571,1.1,2.1,20297.16261405463
572,1.1,2.2,20205.46758501742
573,1.1,2.3,20114.186032493257
574,1.1,2.4,20023.31609546931
575,1.1,2.5,19932.8559212962
576,1.1,2.6,19842.803665644216
577,1.1,2.7,19753.157492472583
578,1.1,2.8,19663.915573987073
579,1.1,2.9,19575.07609060478
580,1.1,3.0,19486.637230920445
581,1.1,3.1,19398.59719166341
582,1.1,3.2,19310.954177668387
583,1.1,3.3,19223.706401831703
584,1.1,3.4,19136.852085082704
585,1.1,3.5,19050.389456340992
586,1.1,3.6,18964.316752483574
587,1.1,3.7,18878.6322183121
588,1.1,3.8,18793.334106510214
589,1.1,3.9,18708.420677616476
590,1.1,4.0,18623.890199982117
591,1.1,4.1,18539.74094973858
592,1.1,4.2,18455.971210766173
593,1.1,4.3,18372.579274651922
594,1.1,4.4,18289.563440663253
595,1.1,4.5,18206.922015706496
596,1.1,4.6,18124.653314295545
597,1.1,4.7,18042.75565852062
598,1.1,4.8,17961.227378007818
599,1.1,4.9,17880.06680989235
600,1.2,0.0,22208.46949553592
601,1.2,0.1,22108.157681168304
602,1.2,0.2,22008.298118436367
603,1.2,0.3,21908.88877216878
604,1.2,0.4,21809.927616331246
605,1.2,0.5,21711.41263399423
606,1.2,0.6,21613.341817284338
607,1.2,0.7,21515.71316734766
608,1.2,0.8,21418.524694311884
609,1.2,0.9,21321.77441723876
610,1.2,1.0,21225.460364092592
611,1.2,1.1,21129.580571691913
612,1.2,1.2,21034.13308567789
613,1.2,1.3,20939.11596046803
614,1.2,1.4,20844.527259218972
615,1.2,1.5,20750.3650537918
616,1.2,1.6,20656.62742470463
617,1.2,1.7,20563.312461102156
618,1.2,1.8,20470.418260710714
619,1.2,1.9,20377.94292980169
620,1.2,2.0,20285.884583156734
621,1.2,2.1,20194.241344022856
622,1.2,2.2,20103.011344082042
623,1.2,2.3,20012.19272340676
624,1.2,2.4,19921.783630424863
625,1.2,2.5,19831.782221885678
626,1.2,2.6,19742.186662815395
627,1.2,2.7,19652.995126487993
628,1.2,2.8,19564.205794380956
629,1.2,2.9,19475.816856142344
630,1.2,3.0,19387.826509556166
631,1.2,3.1,19300.23296049962
632,1.2,3.2,19213.034422914214
633,1.2,3.3,19126.229118762043
634,1.2,3.4,19039.81527799773
635,1.2,3.5,18953.79113852536
636,1.2,3.6,18868.154946166334
637,1.2,3.7,18782.904954626065
638,1.2,3.8,18698.039425452534
639,1.2,3.9,18613.556628008282
640,1.2,4.0,18529.454839428916
641,1.2,4.1,18445.732344591197
642,1.2,4.2,18362.387436081062
643,1.2,4.3,18279.4184141523
644,1.2,4.4,18196.823586699862
645,1.2,4.5,18114.601269218976
646,1.2,4.6,18032.7497847739
647,1.2,4.7,17951.267463966775
648,1.2,4.8,17870.15264489724
649,1.2,4.9,17789.403673136105
650,1.3,0.0,22095.85396762245
651,1.3,0.1,21996.050893681753
652,1.3,0.2,21896.69777740101
653,1.3,0.3,21797.792593933806
654,1.3,0.4,21699.333327523425
655,1.3,0.5,21601.317971472745
656,1.3,0.6,21503.744528094747
657,1.3,0.7,21406.6110086755
658,1.3,0.8,21309.91543343767
659,1.3,0.9,21213.655831492397
660,1.3,1.0,21117.83024080828
661,1.3,1.1,21022.436708162946
662,1.3,1.2,20927.47328911277
663,1.3,1.3,20832.93804794464
664,1.3,1.4,20738.829057641426
665,1.3,1.5,20645.144399845536
666,1.3,1.6,20551.882164812636
667,1.3,1.7,20459.040451381607
668,1.3,1.8,20366.617366928847
669,1.3,1.9,20274.611027332627
670,1.3,2.0,20183.01955693869
671,1.3,2.1,20091.84108851465
672,1.3,2.2,20001.073763220673
673,1.3,2.3,19910.7157305645
674,1.3,2.4,19820.765148367245
675,1.3,2.5,19731.22018272918
676,1.3,2.6,19642.0790079849
677,1.3,2.7,19553.339806675678
678,1.3,2.8,19465.000769504546
679,1.3,2.9,19377.060095303365
680,1.3,3.0,19289.515990998676
681,1.3,3.1,19202.36667156935
682,1.3,3.2,19115.610360017603
683,1.3,3.3,19029.245287325542
684,1.3,3.4,18943.26969242711
685,1.3,3.5,18857.681822165454
686,1.3,3.6,18772.479931261085
687,1.3,3.7,18687.662282278274
688,1.3,3.8,18603.22714558392
689,1.3,3.9,18519.172799320142
690,1.3,4.0,18435.497529362827
691,1.3,4.1,18352.199629289367
692,1.3,4.2,18269.27740034717
693,1.3,4.3,18186.729151412925
694,1.3,4.4,18104.553198965554
695,1.3,4.5,18022.747867045695
696,1.3,4.6,17941.31148722468
697,1.3,4.7,17860.24239857326
698,1.3,4.8,17779.538947622015
699,1.3,4.9,17699.19948833435
700,1.4,0.0,21983.808542039664
701,1.4,0.1,21884.51163270685
702,1.4,0.2,21785.662398674744
703,1.4,0.3,21687.258825368895
704,1.4,0.4,21589.298907259436
705,1.4,0.5,21491.780647829073
706,1.4,0.6,21394.702059525218
707,1.4,0.7,21298.061163723258
708,1.4,0.8,21201.855990689266
709,1.4,0.9,21106.084579532904
710,1.4,1.0,21010.744978176725
711,1.4,1.1,20915.835243307098
712,1.4,1.2,20821.35344034443
713,1.4,1.3,20727.297643396134
714,1.4,1.4,20633.66593522099
715,1.4,1.5,20540.4564071933
716,1.4,1.6,20447.66715925703
717,1.4,1.7,20355.29629989595
718,1.4,1.8,20263.34194608757
719,1.4,1.9,20171.80222326897
720,1.4,2.0,20080.67526530094
721,1.4,2.1,19989.959214423703
722,1.4,2.2,19899.652221227596
723,1.4,2.3,19809.752444607944
724,1.4,2.4,19720.258051731427
725,1.4,2.5,19631.167218001592
726,1.4,2.6,19542.478127015238
727,1.4,2.7,19454.188970533152
728,1.4,2.8,19366.297948437426
729,1.4,2.9,19278.803268697215
730,1.4,3.0,19191.703147335444
731,1.4,3.1,19104.995808386208
732,1.4,3.2,19018.679483866763
733,1.4,3.3,18932.75241373355
734,1.4,3.4,18847.21284585423
735,1.4,3.5,18762.0590359662
736,1.4,3.6,18677.289247643428
737,1.4,3.7,18592.90175226416
738,1.4,3.8,18508.894828970195
739,1.4,3.9,18425.266764638447
740,1.4,4.0,18342.01585384042
741,1.4,4.1,18259.140398810374
742,1.4,4.2,18176.638709413564
743,1.4,4.3,18094.509103105644
744,1.4,4.4,18012.749904906064
745,1.4,4.5,17931.35944735753
746,1.4,4.6,17850.336070495363
747,1.4,4.7,17769.678121816214
748,1.4,4.8,17689.383956238675
749,1.4,4.9,17609.451936076533
750,1.5,0.0,21872.330337539046
751,1.5,0.1,21773.537030014904
752,1.5,0.2,21675.189126989844
753,1.5,0.3,21577.284624109838
754,1.5,0.4,21479.821526019216
755,1.5,0.5,21382.79784632935
756,1.5,0.6,21286.211607571215
757,1.5,0.7,21190.06084115768
758,1.5,0.8,21094.343587347917
759,1.5,0.9,20999.057895199236
760,1.5,1.0,20904.20182253759
761,1.5,1.1,20809.773435907984
762,1.5,1.2,20715.770810545335
763,1.5,1.3,20622.19203032726
764,1.5,1.4,20529.035187739155
765,1.5,1.5,20436.298383837733
766,1.5,1.6,20343.979728206694
767,1.5,1.7,20252.07733892524
768,1.5,1.8,20160.58934252411
769,1.5,1.9,20069.513873949953
770,1.5,2.0,19978.84907653088
771,1.5,2.1,19888.59310193188
772,1.5,2.2,19798.744110125263
773,1.5,2.3,19709.300269346793
774,1.5,2.4,19620.259756061154
775,1.5,2.5,19531.620754928248
776,1.5,2.6,19443.38145875966
777,1.5,2.7,19355.540068489718
778,1.5,2.8,19268.09479313277
779,1.5,2.9,19181.043849748432
780,1.5,3.0,19094.385463410654
781,1.5,3.1,19008.11786716323
782,1.5,3.2,18922.239301992
783,1.5,3.3,18836.748016782465
784,1.5,3.4,18751.642268291092
785,1.5,3.5,18666.9203211039
786,1.5,3.6,18582.580447603854
787,1.5,3.7,18498.62092793891
788,1.5,3.8,18415.04004998054
789,1.5,3.9,18331.83610929659
790,1.5,4.0,18249.00740911041
791,1.5,4.1,18166.552260268916
792,1.5,4.2,18084.468981211514
793,1.5,4.3,18002.75589792962
794,1.5,4.4,17921.41134393991
795,1.5,4.5,17840.433660244085
796,1.5,4.6,17759.821195298606
797,1.5,4.7,17679.572304983412
798,1.5,4.8,17599.685352562305
799,1.5,4.9,17520.1587086575
800,1.6,0.0,21761.41648740478
801,1.6,0.1,21663.124231844355
802,1.6,0.2,21565.27512148078
803,1.6,0.3,21467.8671621282
804,1.6,0.4,21370.89836855427
805,1.6,0.5,21274.366764447455
806,1.6,0.6,21178.270382371004
807,1.6,0.7,21082.607263724803
808,1.6,0.8,20987.37545871004
809,1.6,0.9,20892.573026282113
810,1.6,1.0,20798.1980341191
811,1.6,1.1,20704.248558575753
812,1.6,1.2,20610.72268465107
813,1.6,1.3,20517.61850594389
814,1.6,1.4,20424.934124616415
815,1.6,1.5,20332.66765135951
816,1.6,1.6,20240.817205346768
817,1.6,1.7,20149.380914205263
818,1.6,1.8,20058.356913969772
819,1.6,1.9,19967.74334904884
820,1.6,2.0,19877.5383721898
821,1.6,2.1,19787.740144434596
822,1.6,2.2,19698.34683509011
823,1.6,2.3,19609.356621685147
824,1.6,2.4,19520.767689935314
825,1.6,2.5,19432.578233710075
826,1.6,2.6,19344.786454989066
827,1.6,2.7,19257.390563833833
828,1.6,2.8,19170.38877834411
829,1.6,2.9,19083.779324625273
830,1.6,3.0,18997.560436755295
831,1.6,3.1,18911.730356741733
832,1.6,3.2,18826.287334494726
833,1.6,3.3,18741.229627783017
834,1.6,3.4,18656.555502206913
835,1.6,3.5,18572.26323115635
836,1.6,3.6,18488.35109577865
837,1.6,3.7,18404.817384946822
838,1.6,3.8,18321.660395218056
839,1.6,3.9,18238.878430807126
840,1.6,4.0,18156.469803545122
841,1.6,4.1,18074.43283284828
842,1.6,4.2,17992.76584568678
843,1.6,4.3,17911.467176544335
844,1.6,4.4,17830.535167391874
845,1.6,4.5,17749.968167647356
846,1.6,4.6,17669.764534145696
847,1.6,4.7,17589.922631107303
848,1.6,4.8,17510.440830099753
849,1.6,4.9,17431.31751001079
850,1.7,0.0,21651.064139389677
851,1.7,0.1,21553.270398836903
852,1.7,0.2,21455.917555619686
853,1.7,0.3,21359.003625669306
854,1.7,0.4,21262.526633824928
855,1.7,0.5,21166.484613801622
856,1.7,0.6,21070.875608143513
857,1.7,0.7,20975.697668187466
858,1.7,0.8,20880.948854026174
859,1.7,0.9,20786.627234462372
860,1.7,1.0,20692.73088697775
861,1.7,1.1,20599.25789768565
862,1.7,1.2,20506.206361300618
863,1.7,1.3,20413.574381092963
864,1.7,1.4,20321.360068853188
865,1.7,1.5,20229.56154485699
866,1.7,1.6,20138.176937819866
867,1.7,1.7,20047.20438486779
868,1.7,1.8,19956.642031491927
869,1.7,1.9,19866.488031514582
870,1.7,2.0,19776.74054705455
871,1.7,2.1,19687.397748483145
872,1.7,2.2,19598.457814395042
873,1.7,2.3,19509.91893156427
874,1.7,2.4,19421.77929491124
875,1.7,2.5,19334.037107467866
876,1.7,2.6,19246.690580335795
877,1.7,2.7,19159.73793265696
878,1.7,2.8,19073.177391571153
879,1.7,2.9,18987.007192183002
880,1.7,3.0,18901.22557752932
881,1.7,3.1,18815.830798536485
882,1.7,3.2,18730.821113992817
883,1.7,3.3,18646.194790505833
884,1.7,3.4,18561.950102474715
885,1.7,3.5,18478.085332048726
886,1.7,3.6,18394.59876909525
887,1.7,3.7,18311.488711168156
888,1.7,3.8,18228.753463466513
889,1.7,3.9,18146.39133880771
890,1.7,4.0,18064.400657587525
891,1.7,4.1,17982.779747747973
892,1.7,4.2,17901.526944746653
893,1.7,4.3,17820.640591516723
894,1.7,4.4,17740.119038440353
895,1.7,4.5,17659.960643309438
896,1.7,4.6,17580.163771294538
897,1.7,4.7,17500.72679491481
898,1.7,4.8,17421.648093998883
899,1.7,4.9,17342.926055658652
900,1.8,0.0,21541.270455634072
901,1.8,0.1,21443.972705956687
902,1.8,0.2,21347.113617136652
903,1.8,0.3,21250.69121517147
904,1.8,0.4,21154.703534920744
905,1.8,0.5,21059.148620075233
906,1.8,0.6,20964.02452310973
907,1.8,0.7,20869.329305246956
908,1.8,0.8,20775.061036421983
909,1.8,0.9,20681.217795234617
910,1.8,1.0,20587.79766892012
911,1.8,1.1,20494.798753301435
912,1.8,1.2,20402.219152759306
913,1.8,1.3,20310.056980186622
914,1.8,1.4,20218.310356953378
915,1.8,1.5,20126.97741287158
916,1.8,1.6,20036.056286150168
917,1.8,1.7,19945.545123365955
918,1.8,1.8,19855.44207941878
919,1.8,1.9,19765.74531749677
920,1.8,2.0,19676.45300904294
921,1.8,2.1,19587.563333710714
922,1.8,2.2,19499.074479335213
923,1.8,2.3,19410.98464188955
924,1.8,2.4,19323.29202545127
925,1.8,2.5,19235.994842169282
926,1.8,2.6,19149.091312220557
927,1.8,2.7,19062.579663781544
928,1.8,2.8,18976.45813298632
929,1.8,2.9,18890.724963893404
930,1.8,3.0,18805.3784084527
931,1.8,3.1,18720.416726464107
932,1.8,3.2,18635.838185549735
933,1.8,3.3,18551.641061110695
934,1.8,3.4,18467.823636300753
935,1.8,3.5,18384.384201983936
936,1.8,3.6,18301.321056703662
937,1.8,3.7,18218.63250665045
938,1.8,3.8,18136.316865621484
939,1.8,3.9,18054.372454993692
940,1.8,4.0,17972.797603683688
941,1.8,4.1,17891.59064811614
942,1.8,4.2,17810.74993219317
943,1.8,4.3,17730.273807254573
944,1.8,4.4,17650.160632051316
945,1.8,4.5,17570.40877270637
946,1.8,4.6,17491.016602684245
947,1.8,4.7,17411.982502760548
948,1.8,4.8,17333.304860983
949,1.8,4.9,17254.982072646326
950,1.9,0.0,21432.03261259726
951,1.9,0.1,21335.228342421742
952,1.9,0.2,21238.86050795162
953,1.9,0.3,21142.927145198944
954,1.9,0.4,21047.426298993156
955,1.9,0.5,20952.356022950007
956,1.9,0.6,20857.714379425022
957,1.9,0.7,20763.499439476967
958,1.9,0.8,20669.7092828323
959,1.9,0.9,20576.34199783939
960,1.9,1.0,20483.395681437105
961,1.9,1.1,20390.868439109156
962,1.9,1.2,20298.758384853514
963,1.9,1.3,20207.063641136643
964,1.9,1.4,20115.78233885957
965,1.9,1.5,20024.912617322327
966,1.9,1.6,19934.452624179437
967,1.9,1.7,19844.400515410456
968,1.9,1.8,19754.754455276016
969,1.9,1.9,19665.512616283177
970,1.9,2.0,19576.673179151545
971,1.9,2.1,19488.234332769953
972,1.9,2.2,19400.19427416683
973,1.9,2.3,19312.551208467718
974,1.9,2.4,19225.30334886161
975,1.9,2.5,19138.448916567508
976,1.9,2.6,19051.98614079193
977,1.9,2.7,18965.913258700362
978,1.9,2.8,18880.22851537546
979,1.9,2.9,18794.93016378387
980,1.9,3.0,18710.016464744018
981,1.9,3.1,18625.4856868843
982,1.9,3.2,18541.336106615487
983,1.9,3.3,18457.56600808826
984,1.9,3.4,18374.17368316609
985,1.9,3.5,18291.15743138408
986,1.9,3.6,18208.515559917392
987,1.9,3.7,18126.246383549777
988,1.9,3.8,18044.348224632835
989,1.9,3.9,17962.81941305982
990,1.9,4.0,17881.65828622468
991,1.9,4.1,17800.863188992058
992,1.9,4.2,17720.432473665736
993,1.9,4.3,17640.364499949566
994,1.9,4.4,17560.657634920986
995,1.9,4.5,17481.31025299197
996,1.9,4.6,17402.320735878602
997,1.9,4.7,17323.687472571277
998,1.9,4.8,17245.408859295607
999,1.9,4.9,17167.483299487118
1000,2.0,0.0,21323.3478009882
1001,2.0,0.1,21227.034511636215
1002,2.0,0.2,21131.15544410591
1003,2.0,0.3,21035.708644373357
1004,2.0,0.4,20940.692167187393
1005,2.0,0.5,20846.104076038835
1006,2.0,0.6,20751.94244311322
1007,2.0,0.7,20658.205349255724
1008,2.0,0.8,20564.890883935288
1009,2.0,0.9,20471.997145198475
1010,2.0,1.0,20379.522239639304
1011,2.0,1.1,20287.46428235309
1012,2.0,1.2,20195.82139690585
1013,2.0,1.3,20104.591715289913
1014,2.0,1.4,20013.77337788888
1015,2.0,1.5,19923.364533442444
1016,2.0,1.6,19833.36333900289
1017,2.0,1.7,19743.767959905395
1018,2.0,1.8,19654.576569723664
1019,2.0,1.9,19565.787350236173
1020,2.0,2.0,19477.39849139271
1021,2.0,2.1,19389.408191270002
1022,2.0,2.2,19301.814656044036
1023,2.0,2.3,19214.61609994618
1024,2.0,2.4,19127.81074523034
1025,2.0,2.5,19041.396822140116
1026,2.0,2.6,18955.372568865532
1027,2.0,2.7,18869.736231515708
1028,2.0,2.8,18784.486064076405
1029,2.0,2.9,18699.620328377754
1030,2.0,3.0,18615.137294061446
1031,2.0,3.1,18531.035238539553
1032,2.0,3.2,18447.312446967215
1033,2.0,3.3,18363.967212200085
1034,2.0,3.4,18280.99783476759
1035,2.0,3.5,18198.402622831825
1036,2.0,3.6,18116.179892155953
1037,2.0,3.7,18034.32796607344
1038,2.0,3.8,17952.84517544718
1039,2.0,3.9,17871.729858642997
1040,2.0,4.0,17790.98036149
1041,2.0,4.1,17710.595037249637
1042,2.0,4.2,17630.572246584943
1043,2.0,4.3,17550.91035752149
1044,2.0,4.4,17471.60774542079
1045,2.0,4.5,17392.662792941894
1046,2.0,4.6,17314.07389001095
1047,2.0,4.7,17235.83943379145
1048,2.0,4.8,17157.957828645045
1049,2.0,4.9,17080.42748610731
1050,2.1,0.0,21215.213225686213
1051,2.1,0.1,21119.388431109768
1052,2.1,0.2,21023.995655682764
1053,2.1,0.3,20929.03295529521
1054,2.1,0.4,20834.498394564747
1055,2.1,0.5,20740.390046806824
1056,2.1,0.6,20646.705993987864
1057,2.1,0.7,20553.444326689765
1058,2.1,0.8,20460.60314407427
1059,2.1,0.9,20368.180553837243
1060,2.1,1.0,20276.17467217902
1061,2.1,1.1,20184.58362375765
1062,2.1,1.2,20093.40554165927
1063,2.1,1.3,20002.638567353162
1064,2.1,1.4,19912.2808506573
1065,2.1,1.5,19822.330549704093
1066,2.1,1.6,19732.78583089562
1067,2.1,1.7,19643.64486887489
1068,2.1,1.8,19554.905846481914
1069,2.1,1.9,19466.56695471973
1070,2.1,2.0,19378.626392721053
1071,2.1,2.1,19291.08236770468
1072,2.1,2.2,19203.933094947133
1073,2.1,2.3,19117.176797739794
1074,2.1,2.4,19030.811707355715
1075,2.1,2.5,18944.836063017003
1076,2.1,2.6,18859.24811185208
1077,2.1,2.7,18774.046108868246
1078,2.1,2.8,18689.22831690943
1079,2.1,2.9,18604.79300662378
1080,2.1,3.0,18520.738456432133
1081,2.1,3.1,18437.062952485718
1082,2.1,3.2,18353.76478863956
1083,2.1,3.3,18270.84226641034
1084,2.1,3.4,18188.293694949316
1085,2.1,3.5,18106.117391001986
1086,2.1,3.6,18024.311678876296
1087,2.1,3.7,17942.874890411844
1088,2.1,3.8,17861.805364939548
1089,2.1,3.9,17781.101449255377
1090,2.1,4.0,17700.76149758038
1091,2.1,4.1,17620.783871530635
1092,2.1,4.2,17541.166940086063
1093,2.1,4.3,17461.909079551453
1094,2.1,4.4,17383.00867353089
1095,2.1,4.5,17304.46411288855
1096,2.1,4.6,17226.273795718942
1097,2.1,4.7,17148.4361273172
1098,2.1,4.8,17070.94952014028
1099,2.1,4.9,16993.81239378233
1100,2.2,0.0,21107.626105678628
1101,2.2,0.1,21012.287332396823
1102,2.2,0.2,20917.37838674707
1103,2.2,0.3,20822.897334482772
1104,2.2,0.4,20728.84225004082
1105,2.2,0.5,20635.211216511667
1106,2.2,0.6,20542.002325592664
1107,2.2,0.7,20449.213677553074
1108,2.2,0.8,20356.843381198756
1109,2.2,0.9,20264.88955382593
1110,2.2,1.0,20173.350321192458
1111,2.2,1.1,20082.223817470625
1112,2.2,1.2,19991.508185218307
1113,2.2,1.3,19901.20157533398
1114,2.2,1.4,19811.302147022674
1115,2.2,1.5,19721.80806776118
1116,2.2,1.6,19632.717513254156
1117,2.2,1.7,19544.02866740561
1118,2.2,1.8,19455.739722274495
1119,2.2,1.9,19367.848878042278
1120,2.2,2.0,19280.354342977706
1121,2.2,2.1,19193.254333395238
1122,2.2,2.2,19106.547073626127
1123,2.2,2.3,19020.23079597575
1124,2.2,2.4,18934.30374069062
1125,2.2,2.5,18848.76415592583
1126,2.2,2.6,18763.610297703097
1127,2.2,2.7,18678.840429882654
1128,2.2,2.8,18594.45282412171
1129,2.2,2.9,18510.445759842147
1130,2.2,3.0,18426.81752419883
1131,2.2,3.1,18343.566412038293
1132,2.2,3.2,18260.69072587139
1133,2.2,3.3,18178.1887758319
1134,2.2,3.4,18096.05887964947
1135,2.2,3.5,18014.29936260916
1136,2.2,3.6,17932.90855752049
1137,2.2,3.7,17851.884804685986
1138,2.2,3.8,17771.22645186218
1139,2.2,3.9,17690.931854232138
1140,2.2,4.0,17610.999374366525
1141,2.2,4.1,17531.42738219352
1142,2.2,4.2,17452.214254967676
1143,2.2,4.3,17373.3583772316
1144,2.2,4.4,17294.858140789755
1145,2.2,4.5,17216.711944670045
1146,2.2,4.6,17138.918195094047
1147,2.2,4.7,17061.475305447253
1148,2.2,4.8,16984.381696240904
1149,2.2,4.9,16907.63579508697
1150,2.3,0.0,21000.58367398156
1151,2.3,0.1,20905.728461016774
1152,2.3,0.2,20811.30089526529
1153,2.3,0.3,20717.29905229351
1154,2.3,0.4,20623.72101630836
1155,2.3,0.5,20530.56488012521
1156,2.3,0.6,20437.82874512358
1157,2.3,0.7,20345.510721210954
1158,2.3,0.8,20253.60892678793
1159,2.3,0.9,20162.121488703087
1160,2.3,1.0,20071.046542222743
1161,2.3,1.1,19980.382230985866
1162,2.3,1.2,19890.12670697394
1163,2.3,1.3,19800.278130467
1164,2.3,1.4,19710.834670008982
1165,2.3,1.5,19621.794502374247
1166,2.3,1.6,19533.155812522888
1167,2.3,1.7,19444.91679357289
1168,2.3,1.8,19357.075646755846
1169,2.3,1.9,19269.63058138412
1170,2.3,2.0,19182.57981481727
1171,2.3,2.1,19095.921572418898
1172,2.3,2.2,19009.65408752924
1173,2.3,2.3,18923.775601421774
1174,2.3,2.4,18838.284363271363
1175,2.3,2.5,18753.178630120972
1176,2.3,2.6,18668.45666684003
1177,2.3,2.7,18584.116746097177
1178,2.3,2.8,18500.15714831806
1179,2.3,2.9,18416.57616165418
1180,2.3,3.0,18333.372081950194
1181,2.3,3.1,18250.543212703644
1182,2.3,3.2,18168.08786503738
1183,2.3,3.3,18086.004357658683
1184,2.3,3.4,18004.291016832136
1185,2.3,3.5,17922.946176339196
1186,2.3,3.6,17841.968177447776
1187,2.3,3.7,17761.35536888102
1188,2.3,3.8,17681.106106777435
1189,2.3,3.9,17601.218754665108
1190,2.3,4.0,17521.691683422392
1191,2.3,4.1,17442.52327124701
1192,2.3,4.2,17363.711903626725
1193,2.3,4.3,17285.255973299645
1194,2.3,4.4,17207.15388022943
1195,2.3,4.5,17129.404031566366
1196,2.3,4.6,17052.004841617596
1197,2.3,4.7,16974.954731818518
1198,2.3,4.8,16898.252130693465
1199,2.3,4.9,16821.895473831602
1200,2.4,0.0,20894.083177572717
1201,2.4,0.1,20799.709076387866
1202,2.4,0.2,20705.760453039773
1203,2.4,0.3,20612.235392858634
1204,2.4,0.4,20519.13198977107
1205,2.4,0.5,20426.448346268917
1206,2.4,0.6,20334.18257336426
1207,2.4,0.7,20242.332790554174
1208,2.4,0.8,20150.89712578554
1209,2.4,0.9,20059.873715410784
1210,2.4,1.0,19969.260704156695
1211,2.4,1.1,19879.05624508082
1212,2.4,1.2,19789.258499540596
1213,2.4,1.3,19699.865637149665
1214,2.4,1.4,19610.875835744286
1215,2.4,1.5,19522.28728134866
1216,2.4,1.6,19434.0981681319
1217,2.4,1.7,19346.306698379056
1218,2.4,1.8,19258.911082447787
1219,2.4,1.9,19171.909538735792
1220,2.4,2.0,19085.300293646385
1221,2.4,2.1,18999.081581547358
1222,2.4,2.2,18913.251644741802
1223,2.4,2.3,18827.80873342612
1224,2.4,2.4,18742.751105657942
1225,2.4,2.5,18658.077027323205
1226,2.4,2.6,18573.784772094616
1227,2.4,2.7,18489.87262140421
1228,2.4,2.8,18406.33886440199
1229,2.4,2.9,18323.181797924444
1230,2.4,3.0,18240.399726462238
1231,2.4,3.1,18157.990962120177
1232,2.4,3.2,18075.95382458946
1233,2.4,3.3,17994.28664110743
1234,2.4,3.4,17912.98774643008
1235,2.4,3.5,17832.05548279276
1236,2.4,3.6,17751.488199878575
1237,2.4,3.7,17671.28425478842
1238,2.4,3.8,17591.442012001102
1239,2.4,3.9,17511.959843346907
1240,2.4,4.0,17432.836127969655
1241,2.4,4.1,17354.069252295154
1242,2.4,4.2,17275.657610002185
1243,2.4,4.3,17197.59960198344
1244,2.4,4.4,17119.89363632001
1245,2.4,4.5,17042.538128243454
1246,2.4,4.6,16965.531500105997
1247,2.4,4.7,16888.872181351402
1248,2.4,4.8,16812.55860847709
1249,2.4,4.9,16736.589225009127
1250,2.5,0.0,20788.1218773248
1251,2.5,0.1,20694.226451760445
1252,2.5,0.2,20600.754345642672
1253,2.5,0.3,20507.703654016157
1254,2.5,0.4,20415.07248047802
1255,2.5,0.5,20322.858937147357
1256,2.5,0.6,20231.061144620267
1257,2.5,0.7,20139.67723193474
1258,2.5,0.8,20048.705336535997
1259,2.5,0.9,19958.143604231234
1260,2.5,1.0,19867.990189160642
1261,2.5,1.1,19778.243253752105
1262,2.5,1.2,19688.90096869168
1263,2.5,1.3,19599.9615128798
1264,2.5,1.4,19511.42307339725
1265,2.5,1.5,19423.283845471837
1266,2.5,1.6,19335.542032434627
1267,2.5,1.7,19248.19584569145
1268,2.5,1.8,19161.243504679966
1269,2.5,1.9,19074.68323683655
1270,2.5,2.0,18988.51327756351
1271,2.5,2.1,18902.73187018631
1272,2.5,2.2,18817.337265925846
1273,2.5,2.3,18732.32772385649
1274,2.5,2.4,18647.70151087337
1275,2.5,2.5,18563.45690166063
1276,2.5,2.6,18479.59217864954
1277,2.5,2.7,18396.10563199139
1278,2.5,2.8,18312.995559516374
1279,2.5,2.9,18230.260266701647
1280,2.5,3.0,18147.898066640304
1281,2.5,3.1,18065.907280000774
1282,2.5,3.2,17984.286234999356
1283,2.5,3.3,17903.03326735997
1284,2.5,3.4,17822.146720287452
1285,2.5,3.5,17741.62494442763
1286,2.5,3.6,17661.466297836792
1287,2.5,3.7,17581.669145950815
1288,2.5,3.8,17502.23186154628
1289,2.5,3.9,17423.152824714405
1290,2.5,4.0,17344.43042282178
1291,2.5,4.1,17266.063050481083
1292,2.5,4.2,17188.049109520703
1293,2.5,4.3,17110.3870089462
1294,2.5,4.4,17033.075164915354
1295,2.5,4.5,16956.112000700035
1296,2.5,4.6,16879.495946656498
1297,2.5,4.7,16803.225440196766
1298,2.5,4.8,16727.29892575049
1299,2.5,4.9,16651.714854740665
1300,2.6,0.0,20682.69704792706
1301,2.6,0.1,20589.277874138807
1302,2.6,0.2,20496.27987233788
1303,2.6,0.3,20403.70114723428
1304,2.6,0.4,20311.539812046674
1305,2.6,0.5,20219.793988472535
1306,2.6,0.6,20128.461806643758
1307,2.6,0.7,20037.54140509051
1308,2.6,0.8,19947.030930708075
1309,2.6,0.9,19856.928538711145
1310,2.6,1.0,19767.232392605285
1311,2.6,1.1,19677.940664141348
1312,2.6,1.2,19589.051533286693
1313,2.6,1.3,19500.563188181462
1314,2.6,1.4,19412.473825104466
1315,2.6,1.5,19324.78164844015
1316,2.6,1.6,19237.48487063505
1317,2.6,1.7,19150.581712169886
1318,2.6,1.8,19064.070401515986
1319,2.6,1.9,18977.949175103295
1320,2.6,2.0,18892.216277286734
1321,2.6,2.1,18806.869960304422
1322,2.6,2.2,18721.90848425
1323,2.6,2.3,18637.33011703033
1324,2.6,2.4,18553.133134334043
1325,2.6,2.5,18469.315819598385
1326,2.6,2.6,18385.876463968983
1327,2.6,2.7,18302.81336627229
1328,2.6,2.8,18220.124832974376
1329,2.6,2.9,18137.809178149884
1330,2.6,3.0,18055.86472345052
1331,2.6,3.1,17974.289798064765
1332,2.6,3.2,17893.082738690766
1333,2.6,3.3,17812.24188949652
1334,2.6,3.4,17731.76560209255
1335,2.6,3.5,17651.652235492707
1336,2.6,3.6,17571.90015608381
1337,2.6,3.7,17492.507737594795
1338,2.6,3.8,17413.473361057895
1339,2.6,3.9,17334.79541478308
1340,2.6,4.0,17256.47229431872
1341,2.6,4.1,17178.50240242257
1342,2.6,4.2,17100.884149031088
1343,2.6,4.3,17023.61595122207
1344,2.6,4.4,16946.69623318877
1345,2.6,4.5,16870.1234262027
1346,2.6,4.6,16793.89596858379
1347,2.6,4.7,16718.012305671662
1348,2.6,4.8,16642.47088978832
1349,2.6,4.9,16567.270180213298
1350,2.7,0.0,20577.805977825203
1351,2.7,0.1,20484.860644221495
1352,2.7,0.2,20392.33434602194
1353,2.7,0.3,20300.225197552158
1354,2.7,0.4,20208.531321604034
1355,2.7,0.5,20117.25084940517
1356,2.7,0.6,20026.381920574036
1357,2.7,0.7,19935.922683085886
1358,2.7,0.8,19845.87129323765
1359,2.7,0.9,19756.2259156043
1360,2.7,1.0,19666.98472300876
1361,2.7,1.1,19578.145896478145
1362,2.7,1.2,19489.707625213843
1363,2.7,1.3,19401.66810654894
1364,2.7,1.4,19314.025545913457
1365,2.7,1.5,19226.778156802495
1366,2.7,1.6,19139.92416073188
1367,2.7,1.7,19053.461787210817
1368,2.7,1.8,18967.38927369924
1369,2.7,1.9,18881.70486557435
1370,2.7,2.0,18796.40681609875
1371,2.7,2.1,18711.49338637815
1372,2.7,2.2,18626.96284533367
1373,2.7,2.3,18542.81346966052
1374,2.7,2.4,18459.043543795335
1375,2.7,2.5,18375.651359884992
1376,2.7,2.6,18292.635217745003
1377,2.7,2.7,18209.993424832926
1378,2.7,2.8,18127.724296207227
1379,2.7,2.9,18045.826154496306
1380,2.7,3.0,17964.297329867157
1381,2.7,3.1,17883.136159985097
1382,2.7,3.2,17802.340989987555
1383,2.7,3.3,17721.9101724433
1384,2.7,3.4,17641.842067326153
1385,2.7,3.5,17562.135041975773
1386,2.7,3.6,17482.78747106705
1387,2.7,3.7,17403.79773658014
1388,2.7,3.8,17325.164227761314
1389,2.7,3.9,17246.88534109732
1390,2.7,4.0,17168.959480276953
1391,2.7,4.1,17091.385056161726
1392,2.7,4.2,17014.160486755354
1393,2.7,4.3,16937.284197166744
1394,2.7,4.4,16860.754619584048
1395,2.7,4.5,16784.57019323775
1396,2.7,4.6,16708.729364371076
1397,2.7,4.7,16633.230586211474
1398,2.7,4.8,16558.072318933013
1399,2.7,4.9,16483.253029632182
1400,2.8,0.0,20473.445969143835
1401,2.8,0.1,20380.972076324557
1402,2.8,0.2,20288.91509314649
1403,2.8,0.3,20197.273143503124
1404,2.8,0.4,20106.04435971038
1405,2.8,0.5,20015.226882477764
1406,2.8,0.6,19924.81886086282
1407,2.8,0.7,19834.818452237312
1408,2.8,0.8,19745.22382225292
1409,2.8,0.9,19656.033144796667
1410,2.8,1.0,19567.24460196231
1411,2.8,1.1,19478.85638400588
1412,2.8,1.2,19390.86668931621
1413,2.8,1.3,19303.273724372593
1414,2.8,1.4,19216.07570371018
1415,2.8,1.5,19129.270849888224
1416,2.8,1.6,19042.857393446244
1417,2.8,1.7,18956.83357287623
1418,2.8,1.8,18871.197634580512
1419,2.8,1.9,18785.947832839054
1420,2.8,2.0,18701.082429776696
1421,2.8,2.1,18616.599695321747
1422,2.8,2.2,18532.497907178353
1423,2.8,2.3,18448.77535078486
1424,2.8,2.4,18365.43031928256
1425,2.8,2.5,18282.46111348321
1426,2.8,2.6,18199.86604182856
1427,2.8,2.7,18117.643420363514
1428,2.8,2.8,18035.791572695365
1429,2.8,2.9,17954.30882996295
1430,2.8,3.0,17873.19353080521
1431,2.8,3.1,17792.444021321844
1432,2.8,3.2,17712.058655046403
1433,2.8,3.3,17632.035792905965
1434,2.8,3.4,17552.373803195555
1435,2.8,3.5,17473.071061537947
1436,2.8,3.6,17394.12595085479
1437,2.8,3.7,17315.536861335073
1438,2.8,3.8,17237.30219039757
1439,2.8,3.9,17159.420342664744
1440,2.8,4.0,17081.889729924518
1441,2.8,4.1,17004.708771100733
1442,2.8,4.2,16927.875892223947
1443,2.8,4.3,16851.389526393148
1444,2.8,4.4,16775.248113751106
1445,2.8,4.5,16699.45010144699
1446,2.8,4.6,16623.993943607227
1447,2.8,4.7,16548.87810130686
1448,2.8,4.8,16474.101042532428
1449,2.8,4.9,16399.661242157672
1450,2.9,0.0,20369.614337621057
1451,2.9,0.1,20277.609498315607
1452,2.9,0.2,20186.019453654568
1453,2.9,0.3,20094.84233705038
1454,2.9,0.4,20004.07629029525
1455,2.9,0.5,19913.7194635323
1456,2.9,0.6,19823.770015210313
1457,2.9,0.7,19734.22611205034
1458,2.9,0.8,19645.085929010747
1459,2.9,0.9,19556.347649244017
1460,2.9,1.0,19468.009464067763
1461,2.9,1.1,19380.06957291982
1462,2.9,1.2,19292.526183330316
1463,2.9,1.3,19205.37751087807
1464,2.9,1.4,19118.62177915754
1465,2.9,1.5,19032.257219746192
1466,2.9,1.6,18946.282072161113
1467,2.9,1.7,18860.694583832017
1468,2.9,1.8,18775.49301005856
1469,2.9,1.9,18690.675613977604
1470,2.9,2.0,18606.24066653187
1471,2.9,2.1,18522.18644642754
1472,2.9,2.2,18438.51124010695
1473,2.9,2.3,18355.21334170809
1474,2.9,2.4,18272.29105303208
1475,2.9,2.5,18189.742683511904
1476,2.9,2.6,18107.566550171734
1477,2.9,2.7,18025.760977600432
1478,2.9,2.8,17944.32429791092
1479,2.9,2.9,17863.254850709007
1480,2.9,3.0,17782.550983063353
1481,2.9,3.1,17702.21104946471
1482,2.9,3.2,17622.233411800247
1483,2.9,3.3,17542.616439313395
1484,2.9,3.4,17463.358508577712
1485,2.9,3.5,17384.458003457832
1486,2.9,3.6,17305.9133150797
1487,2.9,3.7,17227.722841799947
1488,2.9,3.8,17149.884989168408
1489,2.9,3.9,17072.39816990195
1490,2.9,4.0,16995.260803846526
1491,2.9,4.1,16918.47131794779
1492,2.9,4.2,16842.028146222154
1493,2.9,4.3,16765.929729718362
1494,2.9,4.4,16690.174516493586
1495,2.9,4.5,16614.760961575445
1496,2.9,4.6,16539.687526933572
1497,2.9,4.7,16464.95268145096
1498,2.9,4.8,16390.55490088708
1499,2.9,4.9,16316.49266785371
1500,3.0,0.0,20266.3084125436
1501,3.0,0.1,20174.770251549475
1502,3.0,0.2,20083.64478091479
1503,3.0,0.3,19992.930143522477
1504,3.0,0.4,19902.624490593065
1505,3.0,0.5,19812.725981655294
1506,3.0,0.6,19723.23278450182
1507,3.0,0.7,19634.143075155458
1508,3.0,0.8,19545.455037834312
1509,3.0,0.9,19457.16686490948
1510,3.0,1.0,19369.27675687517
1511,3.0,1.1,19281.782922305138
1512,3.0,1.2,19194.68357782412
1513,3.0,1.3,19107.976948064505
1514,3.0,1.4,19021.661265634313
1515,3.0,1.5,18935.734771083153
1516,3.0,1.6,18850.195712860692
1517,3.0,1.7,18765.042347288785
1518,3.0,1.8,18680.27293851899
1519,3.0,1.9,18595.885758501172
1520,3.0,2.0,18511.87908695052
1521,3.0,2.1,18428.25121130673
1522,3.0,2.2,18345.000426706516
1523,3.0,2.3,18262.125035942743
1524,3.0,2.4,18179.62334943271
1525,3.0,2.5,18097.493685187277
1526,3.0,2.6,18015.73436876949
1527,3.0,2.7,17934.34373326868
1528,3.0,2.8,17853.320119260272
1529,3.0,2.9,17772.66187477475
1530,3.0,3.0,17692.367355266888
1531,3.0,3.1,17612.434923576602
1532,3.0,3.2,17532.862949902294
1533,3.0,3.3,17453.649811761454
1534,3.0,3.4,17374.793893964423
1535,3.0,3.5,17296.293588575692
1536,3.0,3.6,17218.14729488404
1537,3.0,3.7,17140.35341937273
1538,3.0,3.8,17062.910375681153
1539,3.0,3.9,16985.816584579406
1540,3.0,4.0,16909.07047393086
1541,3.0,4.1,16832.670478662545
1542,3.0,4.2,16756.615040735887
1543,3.0,4.3,16680.902609109573
1544,3.0,4.4,16605.531639714613
1545,3.0,4.5,16530.500595417336
1546,3.0,4.6,16455.80794599115
1547,3.0,4.7,16381.452168087062
1548,3.0,4.8,16307.43174519825
1549,3.0,4.9,16233.745167635274
1550,3.1,0.0,20163.525536669964
1551,3.1,0.1,20072.4516907926
1552,3.1,0.2,19981.788441646913
1553,3.1,0.3,19891.53394153847
1554,3.1,0.4,19801.686351068376
1555,3.1,0.5,19712.243839103776
1556,3.1,0.6,19623.20458273364
1557,3.1,0.7,19534.566767234995
1558,3.1,0.8,19446.328586039675
1559,3.1,0.9,19358.488240689818
1560,3.1,1.0,19271.043940810283
1561,3.1,1.1,19183.993904064315
1562,3.1,1.2,19097.33635612506
1563,3.1,1.3,19011.069530633
1564,3.1,1.4,18925.191669163454
1565,3.1,1.5,18839.70102119329
1566,3.1,1.6,18754.595844059233
1567,3.1,1.7,18669.87440293027
1568,3.1,1.8,18585.534970765268
1569,3.1,1.9,18501.57582828201
1570,3.1,2.0,18417.995263924062
1571,3.1,2.1,18334.79157382023
1572,3.1,2.2,18251.963061757415
1573,3.1,2.3,18169.50803913992
1574,3.1,2.4,18087.424824957707
1575,3.1,2.5,18005.71174575543
1576,3.1,2.6,17924.367135591903
1577,3.1,2.7,17843.389336014243
1578,3.1,2.8,17762.776696017318
1579,3.1,2.9,17682.52757201334
1580,3.1,3.0,17602.640327801288
1581,3.1,3.1,17523.11333452739
1582,3.1,3.2,17443.944970659642
1583,3.1,3.3,17365.13362194732
1584,3.1,3.4,17286.67768139597
1585,3.1,3.5,17208.575549228473
1586,3.1,3.6,17130.825632855176
1587,3.1,3.7,17053.42634684436
1588,3.1,3.8,16976.376112884238
1589,3.1,3.9,16899.673359757864
1590,3.1,4.0,16823.316523304904
1591,3.1,4.1,16747.304046393117
1592,3.1,4.2,16671.634378889197
1593,3.1,4.3,16596.305977621225
1594,3.1,4.4,16521.31730635451
1595,3.1,4.5,16446.666835754575
1596,3.1,4.6,16372.353043358391
1597,3.1,4.7,16298.374413546393
1598,3.1,4.8,16224.729437505848
1599,3.1,4.9,16151.416613207126
1600,3.2,0.0,20061.26306617198
1601,3.2,0.1,19970.651184163733
1602,3.2,0.2,19880.447815862775
1603,3.2,0.3,19790.65112294976
1604,3.2,0.4,19701.25927535868
1605,3.2,0.5,19612.27045124788
1606,3.2,0.6,19523.682836955468
1607,3.2,0.7,19435.494626966425
1608,3.2,0.8,19347.704023878498
1609,3.2,0.9,19260.309238359285
1610,3.2,1.0,19173.308489118077
1611,3.2,1.1,19086.700002861002
1612,3.2,1.2,19000.482014264147
1613,3.2,1.3,18914.652765930576
1614,3.2,1.4,18829.210508357082
1615,3.2,1.5,18744.15349990286
1616,3.2,1.6,18659.480006746657
1617,3.2,1.7,18575.18830285964
1618,3.2,1.8,18491.276669963587
1619,3.2,1.9,18407.74339749955
1620,3.2,2.0,18324.586782595306
1621,3.2,2.1,18241.805130024954
1622,3.2,2.2,18159.39675218176
1623,3.2,2.3,18077.359969037527
1624,3.2,2.4,17995.693108111464
1625,3.2,2.5,17914.394504439086
1626,3.2,2.6,17833.462500532085
1627,3.2,2.7,17752.89544635227
1628,3.2,2.8,17672.691699271083
1629,3.2,2.9,17592.849624040384
1630,3.2,3.0,17513.367592760722
1631,3.2,3.1,17434.24398484308
1632,3.2,3.2,17355.47718698246
1633,3.2,3.3,17277.065593118827
1634,3.2,3.4,17199.007604411447
1635,3.2,3.5,17121.301629199697
1636,3.2,3.6,17043.946082974842
1637,3.2,3.7,16966.93938834918
1638,3.2,3.8,16890.279975018944
1639,3.2,3.9,16813.966279739096
1640,3.2,4.0,16737.99674628571
1641,3.2,4.1,16662.369825427144
1642,3.2,4.2,16587.083974894893
1643,3.2,4.3,16512.137659346947
1644,3.2,4.4,16437.529350343164
1645,3.2,4.5,16363.257526308353
1646,3.2,4.6,16289.32067250427
1647,3.2,4.7,16215.717281001229
1648,3.2,4.8,16142.445850641823
1649,3.2,4.9,16069.504887017323
1650,3.3,0.0,19959.518370558766
1651,3.3,0.1,19869.366113058284
1652,3.3,0.2,19779.62029679075
1653,3.3,0.3,19690.279092764147
1654,3.3,0.4,19601.340680198464
1655,3.3,0.5,19512.80324649564
1656,3.3,0.6,19424.664987196615
1657,3.3,0.7,19336.924105946957
1658,3.3,0.8,19249.578814464847
1659,3.3,0.9,19162.627332496588
1660,3.3,1.0,19076.067887789533
1661,3.3,1.1,18989.898716047566
1662,3.3,1.2,18904.118060903817
1663,3.3,1.3,18818.72417387822
1664,3.3,1.4,18733.715314344583
1665,3.3,1.5,18649.089749498853
1666,3.3,1.6,18564.845754317186
1667,3.3,1.7,18480.98161152821
1668,3.3,1.8,18397.495611572478
1669,3.3,1.9,18314.386052569986
1670,3.3,2.0,18231.651240288815
1671,3.3,2.1,18149.28948810442
1672,3.3,2.2,18067.299116972932
1673,3.3,2.3,17985.67845539016
1674,3.3,2.4,17904.42583936151
1675,3.3,2.5,17823.539612370394
1676,3.3,2.6,17743.01812533824
1677,3.3,2.7,17662.85973659894
1678,3.3,2.8,17583.06281185869
1679,3.3,2.9,17503.625724165966
1680,3.3,3.0,17424.546853881497
1681,3.3,3.1,17345.824588638534
1682,3.3,3.2,17267.457323318227
1683,3.3,3.3,17189.44346000906
1684,3.3,3.4,17111.7814079826
1685,3.3,3.5,17034.469583654343
1686,3.3,3.6,16957.506410554794
1687,3.3,3.7,16880.89031929997
1688,3.3,3.8,16804.61974755334
1689,3.3,3.9,16728.693140001677
1690,3.3,4.0,16653.108948316905
1691,3.3,4.1,16577.865631128127
1692,3.3,4.2,16502.96165399191
1693,3.3,4.3,16428.395489356415
1694,3.3,4.4,16354.165616536306
1695,3.3,4.5,16280.27052167682
1696,3.3,4.6,16206.708697725144
1697,3.3,4.7,16133.478644402461
1698,3.3,4.8,16060.578868168108
1699,3.3,4.9,15988.007882195514
1700,3.4,0.0,19858.288832617654
1701,3.4,0.1,19768.593872090343
1702,3.4,0.2,19679.30329081793
1703,3.4,0.3,19590.415269089117
1704,3.4,0.4,19501.927995362275
1705,3.4,0.5,19413.83966623649
1706,3.4,0.6,19326.148486408347
1707,3.4,0.7,19238.852668638538
1708,3.4,0.8,19151.950433718503
1709,3.4,0.9,19065.440010427876
1710,3.4,1.0,18979.31963550612
1711,3.4,1.1,18893.587553609297
1712,3.4,1.2,18808.242017282184
1713,3.4,1.3,18723.281286916434
1714,3.4,1.4,18638.703630717788
1715,3.4,1.5,18554.50732467446
1716,3.4,1.6,18470.690652515033
1717,3.4,1.7,18387.251905681773
1718,3.4,1.8,18304.18938328947
1719,3.4,1.9,18221.501392093094
1720,3.4,2.0,18139.186246457444
1721,3.4,2.1,18057.24226831559
1722,3.4,2.2,17975.667787143135
1723,3.4,2.3,17894.461139917134
1724,3.4,2.4,17813.620671085813
1725,3.4,2.5,17733.14473253757
1726,3.4,2.6,17653.031683561363
1727,3.4,2.7,17573.279890820486
1728,3.4,2.8,17493.887728313686
1729,3.4,2.9,17414.853577344373
1730,3.4,3.0,17336.17582649093
1731,3.4,3.1,17257.852871567993
1732,3.4,3.2,17179.88311560067
1733,3.4,3.3,17102.264968785224
1734,3.4,3.4,17024.99684846432
1735,3.4,3.5,16948.077179088465
1736,3.4,3.6,16871.50439218699
1737,3.4,3.7,16795.27692633865
1738,3.4,3.8,16719.393227134304
1739,3.4,3.9,16643.85174715189
1740,3.4,4.0,16568.65094591974
1741,3.4,4.1,16493.789289887332
1742,3.4,4.2,16419.265252396915
1743,3.4,4.3,16345.07731364723
1744,3.4,4.4,16271.223960668787
1745,3.4,4.5,16197.70368728787
1746,3.4,4.6,16124.514994098077
1747,3.4,4.7,16051.656388433064
1748,3.4,4.8,15979.126384329868
1749,3.4,4.9,15906.92350250611
1750,3.5,0.0,19757.571848339576
1751,3.5,0.1,19668.331869017835
1752,3.5,0.2,19579.494217416348
1753,3.5,0.3,19491.0570830577
1754,3.5,0.4,19403.018663591545
1755,3.5,0.5,19315.377164767775
1756,3.5,0.6,19228.13080039231
1757,3.5,0.7,19141.277792294597
1758,3.5,0.8,19054.816370293585
1759,3.5,0.9,18968.744772156053
1760,3.5,1.0,18883.061243568533
1761,3.5,1.1,18797.764038093574
1762,3.5,1.2,18712.851417142672
1763,3.5,1.3,18628.32164993424
1764,3.5,1.4,18544.173013461128
1765,3.5,1.5,18460.40379245901
1766,3.5,1.6,18377.01227936536
1767,3.5,1.7,18293.996774291303
1768,3.5,1.8,18211.355584981724
1769,3.5,1.9,18129.08702678352
1770,3.5,2.0,18047.189422614043
1771,3.5,2.1,17965.66110292116
1772,3.5,2.2,17884.5004056564
1773,3.5,2.3,17803.705676235128
1774,3.5,2.4,17723.275267505865
1775,3.5,2.5,17643.207539719235
1776,3.5,2.6,17563.5008604893
1777,3.5,2.7,17484.153604766827
1778,3.5,2.8,17405.164154800652
1779,3.5,2.9,17326.53090010758
1780,3.5,3.0,17248.252237442455
1781,3.5,3.1,17170.32657075904
1782,3.5,3.2,17092.752311185563
1783,3.5,3.3,17015.527876985016
1784,3.5,3.4,16938.651693530242
1785,3.5,3.5,16862.12219326604
1786,3.5,3.6,16785.93781567999
1787,3.5,3.7,16710.097007273565
1788,3.5,3.8,16634.598221524335
1789,3.5,3.9,16559.439918861943
1790,3.5,4.0,16484.62056663073
1791,3.5,4.1,16410.138639061355
1792,3.5,4.2,16335.9926172425
1793,3.5,4.3,16262.180989083892
1794,3.5,4.4,16188.702249292794
1795,3.5,4.5,16115.554899337654
1796,3.5,4.6,16042.73744742005
1797,3.5,4.7,15970.248408447122
1798,3.5,4.8,15898.086303995657
1799,3.5,4.9,15826.249662288785
1800,3.6,0.0,19657.364826856665
1801,3.6,0.1,19568.57752468007
1802,3.6,0.2,19480.190509080378
1803,3.6,0.3,19392.201978765836
1804,3.6,0.4,19304.610140532317
1805,3.6,0.5,19217.41320923333
1806,3.6,0.6,19130.609407738302
1807,3.6,0.7,19044.196966898937
1808,3.6,0.8,18958.17412551655
1809,3.6,0.9,18872.539130299578
1810,3.6,1.0,18787.290235835844
1811,3.6,1.1,18702.425704549718
1812,3.6,1.2,18617.94380667418
1813,3.6,1.3,18533.842820209746
1814,3.6,1.4,18450.121030891998
1815,3.6,1.5,18366.776732160008
1816,3.6,1.6,18283.808225115143
1817,3.6,1.7,18201.213818494158
1818,3.6,1.8,18118.9918286284
1819,3.6,1.9,18037.140579412775
1820,3.6,2.0,17955.65840227422
1821,3.6,2.1,17874.54363613191
1822,3.6,2.2,17793.79462737076
1823,3.6,2.3,17713.40972980134
1824,3.6,2.4,17633.387304629985
1825,3.6,2.5,17553.725720427574
1826,3.6,2.6,17474.42335309048
1827,3.6,2.7,17395.47858581535
1828,3.6,2.8,17316.889809059467
1829,3.6,2.9,17238.655420511233
1830,3.6,3.0,17160.773825060027
1831,3.6,3.1,17083.24343475839
1832,3.6,3.2,17006.062668796225
1833,3.6,3.3,16929.22995346221
1834,3.6,3.4,16852.743722118918
1835,3.6,3.5,16776.60241516497
1836,3.6,3.6,16700.80448000585
1837,3.6,3.7,16625.34837102546
1838,3.6,3.8,16550.232549548215
1839,3.6,3.9,16475.455483815782
1840,3.6,4.0,16401.01564894901
1841,3.6,4.1,16326.911526920296
1842,3.6,4.2,16253.141606524863
1843,3.6,4.3,16179.70438334528
1844,3.6,4.4,16106.598359726264
1845,3.6,4.5,16033.822044739763
1846,3.6,4.6,15961.37395415671
1847,3.6,4.7,15889.252610419418
1848,3.6,4.8,15817.45654260618
1849,3.6,4.9,15745.984286407891
1850,3.7,0.0,19557.665190378168
1851,3.7,0.1,19469.328272935232
1852,3.7,0.2,19381.38961126347
1853,3.7,0.3,19293.84741321145
1854,3.7,0.4,19206.699894673628
1855,3.7,0.5,19119.945279561845
1856,3.7,0.6,19033.581799762927
1857,3.7,0.7,18947.60769510526
1858,3.7,0.8,18862.021213326836
1859,3.7,0.9,18776.820610032395
1860,3.7,1.0,18692.00414866631
1861,3.7,1.1,18607.57010046928
1862,3.7,1.2,18523.51674445156
1863,3.7,1.3,18439.842367351208
1864,3.7,1.4,18356.545263602195
1865,3.7,1.5,18273.623735302725
1866,3.7,1.6,18191.07609217475
1867,3.7,1.7,18108.900651536373
1868,3.7,1.8,18027.09573826216
1869,3.7,1.9,17945.659684751667
1870,3.7,2.0,17864.59083089835
1871,3.7,2.1,17783.887524049787
1872,3.7,2.2,17703.548118981318
1873,3.7,2.3,17623.57097785666
1874,3.7,2.4,17543.954470197124
1875,3.7,2.5,17464.696972851867
1876,3.7,2.6,17385.796869958078
1877,3.7,2.7,17307.252552915954
1878,3.7,2.8,17229.06242034966
1879,3.7,2.9,17151.22487807784
1880,3.7,3.0,17073.738339083735
1881,3.7,3.1,16996.60122347696
1882,3.7,3.2,16919.81195846848
1883,3.7,3.3,16843.368978332313
1884,3.7,3.4,16767.270724379916
1885,3.7,3.5,16691.515644923405
1886,3.7,3.6,16616.102195246196
1887,3.7,3.7,16541.02883757455
1888,3.7,3.8,16466.294041040546
1889,3.7,3.9,16391.89628165755
1890,3.7,4.0,16317.834042283861
1891,3.7,4.1,16244.105812594376
1892,3.7,4.2,16170.71008905231
1893,3.7,4.3,16097.64537487322
1894,3.7,4.4,16024.910180001287
1895,3.7,4.5,15952.503021073258
1896,3.7,4.6,15880.422421390987
1897,3.7,4.7,15808.666910894082
1898,3.7,4.8,15737.235026123992
1899,3.7,4.9,15666.12531020176
1900,3.8,0.0,19458.47037411815
1901,3.8,0.1,19370.58156058663
1902,3.8,0.2,19283.088982306675
1903,3.8,0.3,19195.990856220495
1904,3.8,0.4,19109.285407275267
1905,3.8,0.5,19022.97086839516
1906,3.8,0.6,18937.045480438537
1907,3.8,0.7,18851.507492165358
1908,3.8,0.8,18766.35516020479
1909,3.8,0.9,18681.586749012906
1910,3.8,1.0,18597.200530845483
1911,3.8,1.1,18513.194785715357
1912,3.8,1.2,18429.5678013656
1913,3.8,1.3,18346.317873227155
1914,3.8,1.4,18263.44330438839
1915,3.8,1.5,18180.942405563103
1916,3.8,1.6,18098.813495049533
1917,3.8,1.7,18017.054898704366
1918,3.8,1.8,17935.664949901682
1919,3.8,1.9,17854.64198950275
1920,3.8,2.0,17773.984365824603
1921,3.8,2.1,17693.690434600547
1922,3.8,2.2,17613.758558954018
1923,3.8,2.3,17534.187109359184
1924,3.8,2.4,17454.974463610746
1925,3.8,2.5,17376.119006793684
1926,3.8,2.6,17297.619131244373
1927,3.8,2.7,17219.47323652524
1928,3.8,2.8,17141.679729385796
1929,3.8,2.9,17064.237023733833
1930,3.8,3.0,16987.143540605255
1931,3.8,3.1,16910.39770812606
1932,3.8,3.2,16833.99796148781
1933,3.8,3.3,16757.942742909003
1934,3.8,3.4,16682.230501610196
1935,3.8,3.5,16606.859693776485
1936,3.8,3.6,16531.8287825297
1937,3.8,3.7,16457.13623789873
1938,3.8,3.8,16382.780536783172
1939,3.8,3.9,16308.76016292939
1940,3.8,4.0,16235.073606893748
1941,3.8,4.1,16161.719366014338
1942,3.8,4.2,16088.695944383704
1943,3.8,4.3,16016.001852811924
1944,3.8,4.4,15943.63560880391
1945,3.8,4.5,15871.595736522984
1946,3.8,4.6,15799.880766763945
1947,3.8,4.7,15728.48923692526
1948,3.8,4.8,15657.419690974344
1949,3.8,4.9,15586.670679424158
1950,3.9,0.0,19359.77782623764
1951,3.9,0.1,19272.33484732682
1952,3.9,0.2,19185.286093381477
1953,3.9,0.3,19098.629790391817
1954,3.9,0.4,19012.364172311914
1955,3.9,0.5,18926.48748103239
1956,3.9,0.6,18840.997966337865
1957,3.9,0.7,18755.89388587449
1958,3.9,0.8,18671.1735051176
1959,3.9,0.9,18586.83509732977
1960,3.9,1.0,18502.876943533745
1961,3.9,1.1,18419.29733247015
1962,3.9,1.2,18336.094560569556
1963,3.9,1.3,18253.266931913044
1964,3.9,1.4,18170.81275819918
1965,3.9,1.5,18088.730358713387
1966,3.9,1.6,18007.0180602872
1967,3.9,1.7,17925.674197272077
1968,3.9,1.8,17844.69711149919
1969,3.9,1.9,17764.085152248204
1970,3.9,2.0,17683.836676217266
1971,3.9,2.1,17603.95004748279
1972,3.9,2.2,17524.423637474003
1973,3.9,2.3,17445.25582493362
1974,3.9,2.4,17366.444995887687
1975,3.9,2.5,17287.989543615375
1976,3.9,2.6,17209.88786861062
1977,3.9,2.7,17132.138378556534
1978,3.9,2.8,17054.73948828747
1979,3.9,2.9,16977.689619758712
1980,3.9,3.0,16900.987202018296
1981,3.9,3.1,16824.63067116801
1982,3.9,3.2,16748.618470339658
1983,3.9,3.3,16672.949049655803
1984,3.9,3.4,16597.620866205994
1985,3.9,3.5,16522.632384008863
1986,3.9,3.6,16447.982073984393
1987,3.9,3.7,16373.668413924677
1988,3.9,3.8,16299.689888457908
1989,3.9,3.9,16226.04498902387
1990,3.9,4.0,16152.732213838008
1991,3.9,4.1,16079.750067863135
1992,3.9,4.2,16007.097062782028
1993,3.9,4.3,15934.771716961173
1994,3.9,4.4,15862.772555427786
1995,3.9,4.5,15791.098109833549
1996,3.9,4.6,15719.746918428242
1997,3.9,4.7,15648.717526031644
1998,3.9,4.8,15578.008483999063
1999,3.9,4.9,15507.618350198343
2000,4.0,0.0,19261.585007772537
2001,4.0,0.1,19174.58560566425
2002,4.0,0.2,19087.978428417897
2003,4.0,0.3,19001.76171102516
2004,4.0,0.4,18915.933696401524
2005,4.0,0.5,18830.492635358903
2006,4.0,0.6,18745.43678656277
2007,4.0,0.7,18660.764416500428
2008,4.0,0.8,18576.473799448657
2009,4.0,0.9,18492.563217431947
2010,4.0,1.0,18409.030960195545
2011,4.0,1.1,18325.87532516331
2012,4.0,1.2,18243.094617410316
2013,4.0,1.3,18160.687149622892
2014,4.0,1.4,18078.65124206651
2015,4.0,1.5,17996.985222554868
2016,4.0,1.6,17915.68742640959
2017,4.0,1.7,17834.756196434195
2018,4.0,1.8,17754.189882873266
2019,4.0,1.9,17673.986843382983
2020,4.0,2.0,17594.1454429997
2021,4.0,2.1,17514.664054100984
2022,4.0,2.2,17435.541056379785
2023,4.0,2.3,17356.77483680528
2024,4.0,2.4,17278.36378959308
2025,4.0,2.5,17200.306316175265
2026,4.0,2.6,17122.600825161946
2027,4.0,2.7,17045.245732315965
2028,4.0,2.8,16968.239460514862
2029,4.0,2.9,16891.580439721663
2030,4.0,3.0,16815.267106955165
2031,4.0,3.1,16739.297906253
2032,4.0,3.2,16663.671288646525
2033,4.0,3.3,16588.38571212287
2034,4.0,3.4,16513.439641600307
2035,4.0,3.5,16438.831548891518
2036,4.0,3.6,16364.55991267505
2037,4.0,3.7,16290.623218467133
2038,4.0,3.8,16217.019958584893
2039,4.0,3.9,16143.74863212299
2040,4.0,4.0,16070.807744916987
2041,4.0,4.1,15998.195809515822
2042,4.0,4.2,15925.911345154116
2043,4.0,4.3,15853.952877716483
2044,4.0,4.4,15782.31893971396
2045,4.0,4.5,15711.008070249347
2046,4.0,4.6,15640.018814988918
2047,4.0,4.7,15569.349726136901
2048,4.0,4.8,15498.99936239858
2049,4.0,4.9,15428.966288959564
2050,4.1,0.0,19163.889392571346
2051,4.1,0.1,19077.331320862817
2052,4.1,0.2,18991.16348404311
2053,4.1,0.3,18905.384126060006
2054,4.1,0.4,18819.99149874519
2055,4.1,0.5,18734.983861786113
2056,4.1,0.6,18650.35948268463
2057,4.1,0.7,18566.116636724233
2058,4.1,0.8,18482.25360693866
2059,4.1,0.9,18398.768684069746
2060,4.1,1.0,18315.660166540994
2061,4.1,1.1,18232.92636041565
2062,4.1,1.2,18150.565579369482
2063,4.1,1.3,18068.576144650637
2064,4.1,1.4,17986.95638504799
2065,4.1,1.5,17905.704636860155
2066,4.1,1.6,17824.81924385612
2067,4.1,1.7,17744.298557248207
2068,4.1,1.8,17664.14093565227
2069,4.1,1.9,17584.34474505828
2070,4.1,2.0,17504.908358798733
2071,4.1,2.1,17425.830157510216
2072,4.1,2.2,17347.108529107307
2073,4.1,2.3,17268.741868744382
2074,4.1,2.4,17190.728578785
2075,4.1,2.5,17113.06706877274
2076,4.1,2.6,17035.75575539283
2077,4.1,2.7,16958.793062446905
2078,4.1,2.8,16882.17742081509
2079,4.1,2.9,16805.907268427145
2080,4.1,3.0,16729.9810502329
2081,4.1,3.1,16654.39721816508
2082,4.1,3.2,16579.154231114975
2083,4.1,3.3,16504.250554894043
2084,4.1,3.4,16429.68466220996
2085,4.1,3.5,16355.45503262979
2086,4.1,3.6,16281.560152551452
2087,4.1,3.7,16207.998515175968
2088,4.1,3.8,16134.768620470979
2089,4.1,3.9,16061.86897514652
2090,4.1,4.0,15989.298092620225
2091,4.1,4.1,15917.054492988467
2092,4.1,4.2,15845.136702999556
2093,4.1,4.3,15773.543256017962
2094,4.1,4.4,15702.27269200113
2095,4.1,4.5,15631.323557464557
2096,4.1,4.6,15560.694405454178
2097,4.1,4.7,15490.383795520207
2098,4.1,4.8,15420.390293681685
2099,4.1,4.9,15350.712472404673
2100,4.2,0.0,19066.68846723451
2101,4.2,0.1,18980.569490880433
2102,4.2,0.2,18894.838769521262
2103,4.2,0.3,18809.494556015794
2104,4.2,0.4,18724.53511106637
2105,4.2,0.5,18639.958703191645
2106,4.2,0.6,18555.763608684596
2107,4.2,0.7,18471.948111580597
2108,4.2,0.8,18388.51050362565
2109,4.2,0.9,18305.449084235093
2110,4.2,1.0,18222.762160466806
2111,4.2,1.1,18140.448046979567
2112,4.2,1.2,18058.505066006073
2113,4.2,1.3,17976.931547312783
2114,4.2,1.4,17895.725828169077
2115,4.2,1.5,17814.88625331588
2116,4.2,1.6,17734.411174925946
2117,4.2,1.7,17654.298952578254
2118,4.2,1.8,17574.547953217694
2119,4.2,1.9,17495.15655112534
2120,4.2,2.0,17416.123127888248
2121,4.2,2.1,17337.44607235983
2122,4.2,2.2,17259.12378063493
2123,4.2,2.3,17181.1546560114
2124,4.2,2.4,17103.537108959546
2125,4.2,2.5,17026.269557093576
2126,4.2,2.6,16949.3504251327
2127,4.2,2.7,16872.77814487664
2128,4.2,2.8,16796.551155167643
2129,4.2,2.9,16720.667901861874
2130,4.2,3.0,16645.126837799777
2131,4.2,3.1,16569.926422769462
2132,4.2,3.2,16495.065123482076
2133,4.2,3.3,16420.541413534163
2134,4.2,3.4,16346.353773383165
2135,4.2,3.5,16272.500690310928
2136,4.2,3.6,16198.980658396133
2137,4.2,3.7,16125.792178485313
2138,4.2,3.8,16052.933758157664
2139,4.2,3.9,15980.403911700942
2140,4.2,4.0,15908.20116007543
2141,4.2,4.1,15836.324030887265
2142,4.2,4.2,15764.771058360138
2143,4.2,4.3,15693.540783300668
2144,4.2,4.4,15622.63175307482
2145,4.2,4.5,15552.04252157326
2146,4.2,4.6,15481.771649184311
2147,4.2,4.7,15411.817702767
2148,4.2,4.8,15342.179255617091
2149,4.2,4.9,15272.854887443744
2150,4.3,0.0,18969.97973104252
2151,4.3,0.1,18884.297626297306
2152,4.3,0.2,18799.001806681677
2153,4.3,0.3,18714.09053392025
2154,4.3,0.4,18629.56207754108
2155,4.3,0.5,18545.414714849
2156,4.3,0.6,18461.64673088371
2157,4.3,0.7,18378.256418388108
2158,4.3,0.8,18295.242077776522
2159,4.3,0.9,18212.602017093814
2160,4.3,1.0,18130.33455198825
2161,4.3,1.1,18048.438005670654
2162,4.3,1.2,17966.910708887477
2163,4.3,1.3,17885.75099988057
2164,4.3,1.4,17804.957224356334
2165,4.3,1.5,17724.527735455275
2166,4.3,1.6,17644.460893711796
2167,4.3,1.7,17564.755067028716
2168,4.3,1.8,17485.408630637918
2169,4.3,1.9,17406.419967069745
2170,4.3,2.0,17327.78746612358
2171,4.3,2.1,17249.509524828325
2172,4.3,2.2,17171.584547417846
2173,4.3,2.3,17094.01094529174
2174,4.3,2.4,17016.78713698662
2175,4.3,2.5,16939.911548145526
2176,4.3,2.6,16863.382611481735
2177,4.3,2.7,16787.198766752284
2178,4.3,2.8,16711.35846072135
2179,4.3,2.9,16635.860147130916
2180,4.3,3.0,16560.702286672542
2181,4.3,3.1,16485.8833469498
2182,4.3,3.2,16411.401802454115
2183,4.3,3.3,16337.256134527352
2184,4.3,3.4,16263.444831337509
2185,4.3,3.5,16189.966387842851
2186,4.3,3.6,16116.819305762918
2187,4.3,3.7,16044.002093551953
2188,4.3,3.8,15971.513266361559
2189,4.3,3.9,15899.351346018531
2190,4.3,4.0,15827.51486098847
2191,4.3,4.1,15756.00234634861
2192,4.3,4.2,15684.812343760379
2193,4.3,4.3,15613.943401434764
2194,4.3,4.4,15543.394074108703
2195,4.3,4.5,15473.162923010928
2196,4.3,4.6,15403.248515834493
2197,4.3,4.7,15333.649426710757
2198,4.3,4.8,15264.364236174684
2199,4.3,4.9,15195.39153114235
2200,4.4,0.0,18873.7606958999
2201,4.4,0.1,18788.51325026134
2202,4.4,0.2,18703.65012986474
2203,4.4,0.3,18619.16960525545
2204,4.4,0.4,18535.06995474288
2205,4.4,0.5,18451.349464373372
2206,4.4,0.6,18368.006427889082
2207,4.4,0.7,18285.03914669621
2208,4.4,0.8,18202.445929833633
2209,4.4,0.9,18120.225093931636
2210,4.4,1.0,18038.374963186074
2211,4.4,1.1,17956.89386931594
2212,4.4,1.2,17875.780151538416
2213,4.4,1.3,17795.032156527657
2214,4.4,1.4,17714.64823838482
2215,4.4,1.5,17634.626758607035
2216,4.4,1.6,17554.966086048087
2217,4.4,1.7,17475.66459689273
2218,4.4,1.8,17396.720674617354
2219,4.4,1.9,17318.1327099601
2220,4.4,2.0,17239.8991008911
2221,4.4,2.1,17162.018252573394
2222,4.4,2.2,17084.488577338216
2223,4.4,2.3,17007.308494646488
2224,4.4,2.4,16930.476431059447
2225,4.4,2.5,16853.990820209292
2226,4.4,2.6,16777.850102762073
2227,4.4,2.7,16702.052726392074
2228,4.4,2.8,16626.597145745272
2229,4.4,2.9,16551.481822409944
2230,4.4,3.0,16476.705224888374
2231,4.4,3.1,16402.26582856013
2232,4.4,3.2,16328.16211565772
2233,4.4,3.3,16254.39257522898
2234,4.4,3.4,16180.955703113697
2235,4.4,3.5,16107.850001906798
2236,4.4,3.6,16035.073980930956
2237,4.4,3.7,15962.626156208733
2238,4.4,3.8,15890.505050426538
2239,4.4,3.9,15818.709192912056
2240,4.4,4.0,15747.237119597488
2241,4.4,4.1,15676.087372993574
2242,4.4,4.2,15605.258502162038
2243,4.4,4.3,15534.749062680545
2244,4.4,4.4,15464.557616619752
2245,4.4,4.5,15394.682732509023
2246,4.4,4.6,15325.122985309481
2247,4.4,4.7,15255.876956387805
2248,4.4,4.8,15186.943233481517
2249,4.4,4.9,15118.32041067735
2250,4.5,0.0,18778.02888626516
2251,4.5,0.1,18693.21389841722
2252,4.5,0.2,18608.781285851008
2253,4.5,0.3,18524.729327887795
2254,4.5,0.4,18441.056311573644
2255,4.5,0.5,18357.76053165232
2256,4.5,0.6,18274.840290524488
2257,4.5,0.7,18192.293898215852
2258,4.5,0.8,18110.119672345696
2259,4.5,0.9,18028.315938086667
2260,4.5,1.0,17946.881028138192
2261,4.5,1.1,17865.813282685318
2262,4.5,1.2,17785.11104937244
2263,4.5,1.3,17704.772683263614
2264,4.5,1.4,17624.796546811827
2265,4.5,1.5,17545.181009828728
2266,4.5,1.6,17465.924449445356
2267,4.5,1.7,17387.025250086386
2268,4.5,1.8,17308.481803430972
2269,4.5,1.9,17230.29250838364
2270,4.5,2.0,17152.455771043475
2271,4.5,2.1,17074.97000466684
2272,4.5,2.2,16997.83362964123
2273,4.5,2.3,16921.045073447654
2274,4.5,2.4,16844.602770631944
2275,4.5,2.5,16768.505162774745
2276,4.5,2.6,16692.75069845446
2277,4.5,2.7,16617.337833222795
2278,4.5,2.8,16542.265029567152
2279,4.5,2.9,16467.530756882526
2280,4.5,3.0,16393.133491442524
2281,4.5,3.1,16319.071716363404
2282,4.5,3.2,16245.343921579062
2283,4.5,3.3,16171.94860380482
2284,4.5,3.4,16098.884266512918
2285,4.5,3.5,16026.149419896814
2286,4.5,3.6,15953.742580843276
2287,4.5,3.7,15881.662272905205
2288,4.5,3.8,15809.907026265515
2289,4.5,3.9,15738.475377714181
2290,4.5,4.0,15667.365870613092
2291,4.5,4.1,15596.577054868609
2292,4.5,4.2,15526.10748690504
2293,4.5,4.3,15455.955729629462
2294,4.5,4.4,15386.12035240911
2295,4.5,4.5,15316.599931037268
2296,4.5,4.6,15247.393047705933
2297,4.5,4.7,15178.498290980533
2298,4.5,4.8,15109.914255764917
2299,4.5,4.9,15041.63954327975
2300,4.6,0.0,18682.781839089752
2301,4.6,0.1,18598.397118846482
2302,4.6,0.2,18514.392833801634
2303,4.6,0.3,18430.767272008023
2304,4.6,0.4,18347.51872920424
2305,4.6,0.5,18264.64550878745
2306,4.6,0.6,18182.145921772717
2307,4.6,0.7,18100.018286761395
2308,4.6,0.8,18018.260929910146
2309,4.6,0.9,17936.87218489077
2310,4.6,1.0,17855.85039286309
2311,4.6,1.1,17775.19390243505
2312,4.6,1.2,17694.90106963574
2313,4.6,1.3,17614.970257876535
2314,4.6,1.4,17535.399837920046
2315,4.6,1.5,17456.188187850443
2316,4.6,1.6,17377.333693033885
2317,4.6,1.7,17298.834746093115
2318,4.6,1.8,17220.689746868935
2319,4.6,1.9,17142.897102390274
2320,4.6,2.0,17065.45522684475
2321,4.6,2.1,16988.362541540184
2322,4.6,2.2,16911.617474880008
2323,4.6,2.3,16835.218462325058
2324,4.6,2.4,16759.163946364486
2325,4.6,2.5,16683.452376487498
2326,4.6,2.6,16608.08220914496
2327,4.6,2.7,16533.051907725752
2328,4.6,2.8,16458.359942519364
2329,4.6,2.9,16384.00479068759
2330,4.6,3.0,16309.9849362363
2331,4.6,3.1,16236.29886997884
2332,4.6,3.2,16162.945089512017
2333,4.6,3.3,16089.922099179345
2334,4.6,3.4,16017.228410046993
2335,4.6,3.5,15944.862539868493
2336,4.6,3.6,15872.823013056506
2337,4.6,3.7,15801.10836065589
2338,4.6,3.8,15729.717120308052
2339,4.6,3.9,15658.64783622793
2340,4.6,4.0,15587.8990591689
2341,4.6,4.1,15517.469346395821
2342,4.6,4.2,15447.35726165806
2343,4.6,4.3,15377.561375155103
2344,4.6,4.4,15308.080263513995
2345,4.6,4.5,15238.912509754598
2346,4.6,4.6,15170.056703263825
2347,4.6,4.7,15101.511439768725
2348,4.6,4.8,15033.275321303621
2349,4.6,4.9,14965.346956186884
2350,4.7,0.0,18588.01710375939
2351,4.7,0.1,18504.060472008237
2352,4.7,0.2,18420.482345199373
2353,4.7,0.3,18337.28102007301
2354,4.7,0.4,18254.454801016083
2355,4.7,0.5,18172.00200003513
2356,4.7,0.6,18089.92093671621
2357,4.7,0.7,18008.209938192995
2358,4.7,0.8,17926.86733911625
2359,4.7,0.9,17845.89148161336
2360,4.7,1.0,17765.28071526211
2361,4.7,1.1,17685.033397050607
2362,4.7,1.2,17605.147891350294
2363,4.7,1.3,17525.622569877443
2364,4.7,1.4,17446.455811662257
2365,4.7,1.5,17367.6460030194
2366,4.7,1.6,17289.19153750848
2367,4.7,1.7,17211.090815908723
2368,4.7,1.8,17133.342246181295
2369,4.7,1.9,17055.944243438524
2370,4.7,2.0,16978.895229915222
2371,4.7,2.1,16902.193634930383
2372,4.7,2.2,16825.837894862336
2373,4.7,2.3,16749.826453111134
2374,4.7,2.4,16674.157760069986
2375,4.7,2.5,16598.830273095547
2376,4.7,2.6,16523.842456471735
2377,4.7,2.7,16449.192781384816
2378,4.7,2.8,16374.879725886836
2379,4.7,2.9,16300.901774867061
2380,4.7,3.0,16227.257420024494
2381,4.7,3.1,16153.945159830495
2382,4.7,3.2,16080.963499505973
2383,4.7,3.3,16008.310950984072
2384,4.7,3.4,15935.986032886378
2385,4.7,3.5,15863.987270488102
2386,4.7,3.6,15792.313195689685
2387,4.7,3.7,15720.962346990076
2388,4.7,3.8,15649.9332694515
2389,4.7,3.9,15579.224514676105
2390,4.7,4.0,15508.834640771356
2391,4.7,4.1,15438.762212323107
2392,4.7,4.2,15369.005800368974
2393,4.7,4.3,15299.56398236393
2394,4.7,4.4,15230.43534215766
2395,4.7,4.5,15161.618469960531
2396,4.7,4.6,15093.111962317287
2397,4.7,4.7,15024.914422081165
2398,4.7,4.8,14957.024458379994
2399,4.7,4.9,14889.440686594211
2400,4.8,0.0,18493.73224202276
2401,4.8,0.1,18410.20153066924
2402,4.8,0.2,18327.047403779143
2403,4.8,0.3,18244.268166736183
2404,4.8,0.4,18161.86213253177
2405,4.8,0.5,18079.827621738572
2406,4.8,0.6,17998.162962469796
2407,4.8,0.7,17916.866490348402
2408,4.8,0.8,17835.936548476024
2409,4.8,0.9,17755.371487393015
2410,4.8,1.0,17675.169665052686
2411,4.8,1.1,17595.329446780295
2412,4.8,1.2,17515.849205247683
2413,4.8,1.3,17436.72732043389
2414,4.8,1.4,17357.96217959487
2415,4.8,1.5,17279.55217723394
2416,4.8,1.6,17201.49571506278
2417,4.8,1.7,17123.79120197623
2418,4.8,1.8,17046.437054013822
2419,4.8,1.9,16969.431694330804
2420,4.8,2.0,16892.773553168354
2421,4.8,2.1,16816.46106781602
2422,4.8,2.2,16740.492682586628
2423,4.8,2.3,16664.86684877954
2424,4.8,2.4,16589.582024651205
2425,4.8,2.5,16514.636675386715
2426,4.8,2.6,16440.029273062817
2427,4.8,2.7,16365.758296623942
2428,4.8,2.8,16291.822231845104
2429,4.8,2.9,16218.219571304493
2430,4.8,3.0,16144.948814354273
2431,4.8,3.1,16072.008467086082
2432,4.8,3.2,15999.397042305533
2433,4.8,3.3,15927.11305949714
2434,4.8,3.4,15855.155044799967
2435,4.8,3.5,15783.521530972452
2436,4.8,3.6,15712.211057365002
2437,4.8,3.7,15641.222169893004
2438,4.8,3.8,15570.553421001645
2439,4.8,3.9,15500.203369642926
2440,4.8,4.0,15430.170581241182
2441,4.8,4.1,15360.453627666386
2442,4.8,4.2,15291.051087207281
2443,4.8,4.3,15221.96154453747
2444,4.8,4.4,15153.183590692866
2445,4.8,4.5,15084.715823037717
2446,4.8,4.6,15016.556845238698
2447,4.8,4.7,14948.705267238705
2448,4.8,4.8,14881.159705223508
2449,4.8,4.9,14813.918781599838
2450,4.9,0.0,18399.92482793892
2451,4.9,0.1,18316.817879850525
2452,4.9,0.2,18234.085605474702
2453,4.9,0.3,18151.726318794852
2454,4.9,0.4,18069.73834136324
2455,4.9,0.5,17988.120002275235
2456,4.9,0.6,17906.86963812812
2457,4.9,0.7,17825.98559299098
2458,4.9,0.8,17745.466218373647
2459,4.9,0.9,17665.309873186878
2460,4.9,1.0,17585.514923716455
2461,4.9,1.1,17506.07974358357
2462,4.9,1.2,17427.002713717768
2463,4.9,1.3,17348.28222231901
2464,4.9,1.4,17269.916664827535
2465,4.9,1.5,17191.904443893844
2466,4.9,1.6,17114.243969340154
2467,4.9,1.7,17036.933658135695
2468,4.9,1.8,16959.971934357945
2469,4.9,1.9,16883.357229164096
2470,4.9,2.0,16807.087980760894
2471,4.9,2.1,16731.162634368222
2472,4.9,2.2,16655.579642193534
2473,4.9,2.3,16580.3374633949
2474,4.9,2.4,16505.434564052626
2475,4.9,2.5,16430.86941714033
2476,4.9,2.6,16356.640502488237
2477,4.9,2.7,16282.746306759582
2478,4.9,2.8,16209.185323413472
2479,4.9,2.9,16135.956052677266
2480,4.9,3.0,16063.057001518777
2481,4.9,3.1,15990.486683609935
2482,4.9,3.2,15918.243619303765
2483,4.9,3.3,15846.32633559739
2484,4.9,3.4,15774.7333661093
2485,4.9,3.5,15703.463251043326
2486,4.9,3.6,15632.514537161933
2487,4.9,3.7,15561.885777759562
2488,4.9,3.8,15491.575532626775
2489,4.9,3.9,15421.582368028508
2490,4.9,4.0,15351.904856668649
2491,4.9,4.1,15282.541577664331
2492,4.9,4.2,15213.491116518933
2493,4.9,4.3,15144.752065087852
2494,4.9,4.4,15076.323021557077
2495,4.9,4.5,15008.202590408495
2496,4.9,4.6,14940.389382394344
2497,4.9,4.7,14872.882014511466
2498,4.9,4.8,14805.67910996786
2499,4.9,4.9,14738.77929816049
2500,5.0,0.0,18306.5924478069
2501,5.0,0.1,18223.907116757888
2502,5.0,0.2,18141.594558349607
2503,5.0,0.3,18059.653095121233
2504,5.0,0.4,17978.08105714281
2505,5.0,0.5,17896.876781988867
2506,5.0,0.6,17816.03861469785
2507,5.0,0.7,17735.564907742526
2508,5.0,0.8,17655.45402099783
2509,5.0,0.9,17575.704321702913
2510,5.0,1.0,17496.3141844341
2511,5.0,1.1,17417.281991065516
2512,5.0,1.2,17338.60613074325
2513,5.0,1.3,17260.28499984659
2514,5.0,1.4,17182.317001958327
2515,5.0,1.5,17104.70054783483
2516,5.0,1.6,17027.43405536812
2517,5.0,1.7,16950.51594956068
2518,5.0,1.8,16873.944662487178
2519,5.0,1.9,16797.718633265988
2520,5.0,2.0,16721.836308029822
2521,5.0,2.1,16646.2961398881
2522,5.0,2.2,16571.0965889028
2523,5.0,2.3,16496.236122051436
2524,5.0,2.4,16421.713213198054
2525,5.0,2.5,16347.526343065496
2526,5.0,2.6,16273.67399919847
2527,5.0,2.7,16200.154675939415
2528,5.0,2.8,16126.966874392834
2529,5.0,2.9,16054.109102396633
2530,5.0,3.0,15981.579874495386
2531,5.0,3.1,15909.377711903475
2532,5.0,3.2,15837.501142482366
2533,5.0,3.3,15765.948700704372
2534,5.0,3.4,15694.718927628934
2535,5.0,3.5,15623.810370867868
2536,5.0,3.6,15553.22158455841
2537,5.0,3.7,15482.951129336165
2538,5.0,3.8,15412.997572300312
2539,5.0,3.9,15343.359486991074
2540,5.0,4.0,15274.035453355833
2541,5.0,4.1,15205.024057721508
2542,5.0,4.2,15136.323892769587
2543,5.0,4.3,15067.933557501394
2544,5.0,4.4,14999.851657216343
2545,5.0,4.5,14932.076803477848
2546,5.0,4.6,14864.60761408812
2547,5.0,4.7,14797.442713062104
2548,5.0,4.8,14730.580730594138
2549,5.0,4.9,14664.02030303691
2550,5.0,5.0,14597.760072867786
2551,0.0,0.0,0.0
2552,0.0,0.0,0.0
2553,0.0,0.0,0.0
2554,0.0,0.0,0.0
2555,0.0,0.0,0.0
2556,0.0,0.0,0.0
2557,0.0,0.0,0.0
2558,0.0,0.0,0.0
2559,0.0,0.0,0.0
2560,0.0,0.0,0.0
2561,0.0,0.0,0.0
2562,0.0,0.0,0.0
2563,0.0,0.0,0.0
2564,0.0,0.0,0.0
2565,0.0,0.0,0.0
2566,0.0,0.0,0.0
2567,0.0,0.0,0.0
2568,0.0,0.0,0.0
2569,0.0,0.0,0.0
2570,0.0,0.0,0.0
2571,0.0,0.0,0.0
2572,0.0,0.0,0.0
2573,0.0,0.0,0.0
2574,0.0,0.0,0.0
2575,0.0,0.0,0.0
2576,0.0,0.0,0.0
2577,0.0,0.0,0.0
2578,0.0,0.0,0.0
2579,0.0,0.0,0.0
2580,0.0,0.0,0.0
2581,0.0,0.0,0.0
2582,0.0,0.0,0.0
2583,0.0,0.0,0.0
2584,0.0,0.0,0.0
2585,0.0,0.0,0.0
2586,0.0,0.0,0.0
2587,0.0,0.0,0.0
2588,0.0,0.0,0.0
2589,0.0,0.0,0.0
2590,0.0,0.0,0.0
2591,0.0,0.0,0.0
2592,0.0,0.0,0.0
2593,0.0,0.0,0.0
2594,0.0,0.0,0.0
2595,0.0,0.0,0.0
2596,0.0,0.0,0.0
2597,0.0,0.0,0.0
2598,0.0,0.0,0.0
2599,0.0,0.0,0.0
2600,0.0,0.0,0.0
