"","BitcoinLMean","BitcoinAMean","",""
"1",609.914857142857,0,0,609.11
"1",610.086071428571,0,0,610.19
"1",610.339642857143,0,0,608.66
"1",608.077857142858,0,0,598.88
"1",610.061071428572,0,0,597.42
"1",610.560714285715,0,0,594.08
"1",612.0475,0,0,598.98
"1",608.347142857143,0,0,605.96
"1",598.365357142858,0,0,605.67
"1",594.931428571429,0,0,603.85
"1",594.592857142857,0,0,609.39
"1",600.791428571429,0,0,611.85
"1",605.137857142857,0,0,609.62
"1",603.940714285714,0,0,607.18
"1",605.331428571429,0,0,612.08
"1",611.046071428572,617.168917830676,0,617.21
"1",611.135714285715,616.343836947792,0,617.54
"1",607.454642857143,613.951325448616,0,614.77
"1",609.443571428572,636.874887259489,0,635.01
"1",613.446428571429,631.828531901951,0,635.96
"1",614.565357142858,633.789373493299,0,634.02
"1",614.548571428572,639.406135924362,0,638.97
"1",618.238571428572,635.619046968427,0,636.29
"1",633.995357142857,630.00794738054,0,629.25
"1",635.125357142858,629.32388754459,0,627.72
"1",636.7425,632.33310511291,0,631.92
"1",641.801785714286,651.893413425051,0,651.39
"1",635.071428571429,651.332494596954,0,655.31
"1",625.181785714286,649.934443570891,0,651.45
"1",628.425357142858,683.280483713981,0,682.22
"1",635.973214285715,685.083899683908,0,687.68
"1",649.78,704.330769741509,0,702
"1",648.910357142857,698.688630483464,0,697.01
"1",658.010357142858,730.898553574875,0,733.33
"1",676.809285714286,717.434988269618,0,686.17
"1",685.495714285714,677.21051584002,0,683.69
"1",705.472142857143,701.930277369046,0,709.96
"1",710.481071428572,705.908729841639,0,708.97
"1",722.791428571429,717.571193177859,0,720.93
"1",682.176785714286,720.656715573541,0,721.5
"1",686.165714285715,717.108843930107,0,715.45
"1",707.03,709.226193028008,0,706.46
"1",712.365357142858,710.273991209705,0,710.91
"1",723.268214285715,711.222587433476,0,711.73
"1",723.771428571429,730.203094580695,0,736.96
"1",714.223214285714,744.210556949994,0,747.52
"1",702.57,740.242035430635,0,738.53
"1",705.776428571429,738.077814265031,0,736.97
"1",716.510357142857,740.478979685634,0,741.63
"1",739.905,737.976023086837,0,737.45
"1",745.277857142857,737.151425680086,0,735.64
"1",737.290357142858,731.247747227459,0,727.31
"1",739.236428571429,735.052062518273,0,732.71
"1",743.401428571428,741.235594587068,0,742.69
"1",737.476785714286,741.770142872691,0,742.05
"1",735.210357142857,774.966769458461,0,772.43
"1",725.032857142857,757.223598287267,0,754.63
"1",730.456785714286,756.454323951908,0,756.62
"1",741.0325,758.65664950567,0,758.99
"1",750.883214285714,768.334831773062,0,769.72
"1",768.660714285715,770.241412580879,0,770.02
"1",753.861785714286,776.119857122,0,777
"1",755.573571428571,777.993047344895,0,777.99
"1",759.533928571429,775.477301147711,0,774.89
"1",768.834285714286,775.968445849545,0,776.75
"1",771.474642857143,776.269505948731,0,775.88
"1",778.724285714286,784.885159466598,0,788.67
"1",777.768571428572,793.708631619106,0,793.09
"1",776.853571428572,823.084593352229,0,824.21
"1",775.288928571429,847.515841701886,0,834.97
"1",780.194642857143,915.943209648674,0,901.31
"1",786.586785714287,983.408661958701,0,930.34
"1",791.172857142858,987.496089621597,0,963.38
"1",811.303928571429,969.261318295034,0,952.15
"1",844.513928571429,1004.00239850307,0,1013.42
"1",915.521785714287,1210.30881269359,0,1126.76
"1",914.93892857143,1009.43477668508,0,994.67
"1",936.963928571429,1011.60601128174,0,999.65
"1",956.216785714285,921.192428132265,0,910.49
"1",1051.34214285714,889.007950669584,0,906.05
"1",1102.25214285714,790.257410854102,0,785.22
"1",1008.47,737.521001269349,0,780.92
"1",1006.48535714286,822.873010910353,0,826.29
"1",928.023928571429,839.69723811054,0,830.5
"1",886.463928571429,901.654791103576,0,903.84
"1",777.665,924.596608936779,0,906.6
"1",776.785950892857,896.854186216314,0,895.798875
"1",815.937022767858,891.37328799552,0,893.6210875
"1",847.793645535715,920.280561304545,0,922.0736125
"1",905.961600446429,925.556462255642,0,919.97
"1",898.032939285715,895.052901263045,0,893.045625
"1",894.100563839286,909.4015020979,0,915.95625
"1",902.751652678572,918.086962778981,0,915.05
"1",921.964931696429,912.260255451445,0,912.19
"1",917.645316071429,950.367856794392,0,964.706075
"1",899.281750892858,1005.33656806232,0,979.703875
"1",909.098850892858,986.812679889888,0,983.42
"1",908.066625000001,1015.55017024898,0,1013.027
"1",920.071604464287,1018.00516677815,0,1024.01375
"1",965.419833928571,1051.54888746316,0,1050.11
"1",974.860861607144,1058.34939423636,0,1052.84
"1",975.187571428572,969.267656323046,0,976.103
"1",1013.33522321429,1020.04748424794,0,999.1035
"1",1039.32913839286,995.615803440004,0,999.877375
"1",1058.41585267857,1000.97427641999,0,1001.2
"1",1036.93269514286,1011.11896144971,0,1012.325988
"1",982.362389678572,1032.33694612501,0,1035.208125
"1",997.462448142858,1032.80947819249,0,1035.2
"1",996.934183035715,1049.95332335729,0,1050.87
"1",1007.73175639286,1125.18882083666,0,1123.788429
"1",1014.11411164286,1121.59086172564,0,1123.223188
"1",1023.27834267857,1130.33292619367,0,1130.01
"1",1032.46807135714,1177.86892254385,0,1174.86625
"1",1064.70439146429,1193.69630583568,0,1190.75195
"1",1115.96848453572,1187.38781611853,0,1187.565286
"1",1116.11391664286,1191.17443861269,0,1190.89
"1",1143.54741275,1264.61910845942,0,1259.410817
"1",1180.43995889286,1283.27461392981,0,1285.14
"1",1178.85397432143,1271.4795860829,0,1275.197375
"1",1175.15569475,1279.92991120373,0,1279.5
"1",1187.78777689286,1146.39169287138,0,1157.3933
"1",1268.56915428572,1179.113020899,0,1192.469143
"1",1300.15306235714,1193.81536961725,0,1192.09
"1",1292.21189475,1226.81267952068,0,1227.68
"1",1254.63400207143,1248.3399330617,0,1245.370786
"1",1159.91552514286,1258.99857525544,0,1257.399625
"1",1184.74708107143,1258.01095257163,0,1257
"1",1176.43239871429,1091.88222197962,0,1091.171888
"1",1224.66838835714,1039.71870734232,0,1049.084488
"1",1278.716922,1131.59041852563,0,1118.630043
"1",1286.4272605,1099.73681169795,0,1113
"1",1215.514065,1036.69274113549,0,1038.789
"1",1064.14664138929,946.040587598094,0,941.9197143
"1",1083.12093636071,1071.87221601288,0,1037.22925
"1",1142.47301363571,1012.44471805603,0,1041.04
"1",1099.92108928571,1039.54255153425,0,1040.5755
"1",1007.04469923929,1038.10503390468,0,1037.90455
"1",958.122179603572,1035.53513601132,0,1034.74
"1",1043.20587678572,1079.90860025043,0,1079.99
"1",1048.39180675,1128.18411017771,0,1141.600363
"1",1033.17336796429,1109.52071669626,0,1133.079314
"1",1022.12197342857,1136.7398177734,0,1133.53
"1",1041.33519621429,1196.53674475181,0,1190.45425
"1",1093.9973265,1187.84158420689,0,1207.744875
"1",1133.90434514286,1222.65978095844,0,1226.617038
"1",1121.75120028571,1208.42102583657,0,1219.09
"1",1134.34325846429,1178.96198653125,0,1180.023713
"1",1191.59394592857,1190.09171171331,0,1176.97
"1",1222.15967425,1222.31397319448,0,1217.930088
"1",1233.83537803571,1232.23282136316,0,1241.686325
"1",1206.15693178571,1227.21393325408,0,1236.63
"1",1170.68428925,1240.90233113863,0,1240.84
"1",1185.74588771429,1295.11018150597,0,1279.414688
"1",1225.47480392857,1310.19435215108,0,1309.109875
"1",1232.41168207143,1267.73580518568,0,1288.02
"1",1232.26549239286,1349.48088448109,0,1331.294429
"1",1259.43992032143,1504.89661171281,0,1452.076288
"1",1281.06321853572,1389.58331173335,0,1447.55
"1",1288.41529814286,1519.74882118395,0,1508.292125
"1",1281.82281067857,1541.75117327871,0,1533.335071
"1",1356.32651503571,1673.53777263779,0,1640.619225
"1",1440.13595232143,1679.58061325346,0,1651.1
"1",1451.47003482143,1785.40762740951,0,1762.88625
"1",1502.16598046429,1881.05460787771,0,1820.990563
"1",1535.88439175,1851.15002873197,0,1829
"1",1612.97071153571,1771.28006320947,0,1780
"1",1657.22757767857,1714.54793027841,0,1739.031975
"1",1786.45207432143,1811.90631192309,0,1807.485063
"1",1832.754995,1799.37817386716,0,1783.98
"1",1835.34575757143,1960.92922795884,0,1961.520488
"1",1780.09975892857,2190.18319210452,0,2090.662313
"1",1750.36296303572,2413.10827024971,0,2287.710288
"1",1756.11272617857,2333.73708262511,0,2256.32
"1",1783.10864635714,2388.84611843711,0,2387.206286
"1",1942.14156264286,2294.35712230958,0,2211.976857
"1",2119.99750271429,2178.61397093599,0,2290.02
"1",2288.00181921429,2325.43995991283,0,2285.933914
"1",2305.71653017857,2399.1548089166,0,2399.242671
"1",2346.49509364286,2470.58270686785,0,2409.93
"1",2223.12417953572,2537.60433266967,0,2529.53
"1",2309.48201132143,3006.53649385363,0,2883.313697
"1",2264.15591282143,2826.88271735795,0,2664.920863
"1",2335.46514485714,2630.19683700261,0,2683.03
"1",2427.42358742857,2816.56618905865,0,2827.4913
"1",2603.12302007143,2699.90303048464,0,2657.675063
"1",2830.78813096429,2708.9280656428,0,2748.185086
"1",2667.25694067857,2725.77889369147,0,2706
"1",2691.92186092857,2479.82360937152,0,2442.48025
"1",2792.67193425,2443.76977961834,0,2464.959814
"1",2733.82223464286,2575.9902527308,0,2617.210263
"1",2773.24239046429,2581.16078391136,0,2600
"1",2641.59324814286,2651.55852325594,0,2671.04325
"1",2433.22922732143,2696.03858275238,0,2727.288013
"1",2482.9775375,2705.3594316653,0,2713.48
"1",2573.29764275,2552.30653248105,0,2502.03
"1",2608.32459257143,2568.86068795497,0,2517.903114
"1",2720.49303867857,2566.51906465962,0,2585.349186
"1",2749.86372446429,2543.47314142104,0,2558.3
"1",2655.17633503572,2519.6718773437,0,2477.641375
"1",2508.04893528571,2557.66505480965,0,2561.225429
"1",2549.45935796429,2549.55880007083,0,2599.729838
"1",2580.01107314286,2584.55205375406,0,2598.89
"1",2527.64236689286,2608.00024216252,0,2609.96775
"1",2474.46145992857,2495.59974908907,0,2491.201214
"1",2553.24247128572,2414.98642347791,0,2366.170143
"1",2610.77682103572,2385.19724918324,0,2327.09
"1",2641.98124610714,2414.5442417403,0,2385.748571
"1",2608.88620407143,2334.13789922128,0,2354.783417
"1",2464.3315955,2344.93450569089,0,2338.49
"1",2309.42855789286,1824.96085348132,0,1910.96
"1",2388.15478175,2208.53232142806,0,2320.12225
"1",2437.69136557143,2180.80799717294,0,2264.7657
"1",2354.54544610714,2275.35689765979,0,2265.21
"1",2256.27868889286,2461.79100003401,0,2682.195363
"1",1999.32918742857,2678.10807661512,0,2751.821029
"1",2230.15900935715,2607.65853960009,0,2560.997917
"1",2195.68297260714,2603.13117192272,0,2564.3
"1",2365.91327139286,2620.79718119146,0,2647.625
"1",2735.77561996429,2726.53135580607,0,2781.636583
"1",2714.45536328572,2820.49791665875,0,2866.431667
"1",2530.1610985,2849.06663098892,0,2862.9
"1",2529.78572432143,2736.51853630983,0,2693.633983
"1",2670.71269460714,2802.0739853306,0,2794.117717
"1",2821.02276175,2768.52583753796,0,2790
"1",2920.64848117857,3086.21332275392,0,3210.2
"1",2845.39031592857,3390.86405668208,0,3457.374333
"1",2641.4177505,3339.9447223903,0,3357.326317
"1",2696.21682885714,3358.2434254022,0,3340.28
"1",2875.32766903572,3601.43370864565,0,3632.506667
"1",3340.76089271429,4477.38207944098,0,4282.992
"1",3393.12960110714,3937.0817596474,0,4217.028329
"1",3215.63865371429,4187.19510081885,0,4179.97
"1",3324.89835135714,4388.62315755631,0,4328.725717
"1",3742.13729967857,4055.69514450506,0,4130.440067
"1",4245.96478185714,4058.51039925723,0,4043.722
"1",4211.33197496429,3984.97918190535,0,3986.28
"1",4267.46298046429,4234.18543154117,0,4174.95
"1",4331.62972303572,4349.47265058709,0,4340.316717
"1",4095.29212107143,4297.64936129524,0,4331.77
"1",4012.48233864286,4676.41154300628,0,4607.98545
"1",3996.17561428572,4556.4692658915,0,4594.98785
"1",4164.90553939286,4581.06679033472,0,4582.52
"1",4336.46154078571,5001.22197322197,0,4911.740017
"1",4323.91335535715,4267.71728734751,0,4344.098317
"1",4575.90933575,4490.26403553635,0,4488.72014
"1",4615.71095935715,4399.08166355295,4409.00710874591,4385.02
"1",4730.63053903572,4612.8511507412,4631.83137769949,4654.6585
"1",4767.68215332143,4399.60013323772,4386.69212930971,4310.750183
"1",4339.50457332143,4301.92936317688,4282.2975188961,4248.090017
"1",4475.50865846429,4216.34627824724,4224.76472337366,4198.59
"1",4465.82393689286,4045.36576697098,4015.80124571527,3961.271267
"1",4540.52190521429,3363.34780172971,3387.77207352921,3319.63
"1",4329.47783192857,3045.24485900409,3196.380991962,3216.43
"1",4414.32715682143,3617.65919339544,3632.40471725108,3678.53
"1",4290.99790721429,3916.15153793189,3939.52519194201,3943.413333
"1",3799.07979082143,3974.09903770577,3998.03917630292,3977.561667
"1",3188.44505953572,3898.04367844393,3921.04827555308,3894.48
"1",3228.69574935714,3652.29982869135,3673.45492768225,3637.50255
"1",3765.50526239286,3934.78211801915,3930.26393623613,3942.555
"1",3994.63602182143,3892.37526005652,3931.23457664854,3910.307383
"1",3952.71772114286,3885.94958617694,3904.12960136328,3881
"1",3844.01073457143,4175.77575364011,4183.36257115078,4201.98905
"1",3699.86823217858,4149.79061867691,4213.75817916626,4193.574667
"1",3915.83937485714,4408.77773410681,4388.77747122363,4386.88375
"1",3861.19035325,4360.79803189716,4415.09517049355,4394.07
"1",3893.81005178571,4191.38992593624,4262.08616843922,4225.175
"1",4184.02396975,4414.07429215059,4344.19030873611,4338.852
"1",4249.02339610714,4283.52455496514,4339.52696014994,4318.58
"1",4426.81386607143,4674.44012460083,4598.39060475604,4605.66
"1",4369.49017857143,4710.22570881516,4788.20866053185,4782.28
"1",4211.34536789286,4760.06778404327,4839.08713544756,4819.485767
"1",4269.27673925,4821.79527818393,4843.97864641147,4822.17
"1",4418.75880832143,5666.54274044268,5521.11202809063,5563.806567
"1",4647.29349642858,5769.79676627901,5733.98241705205,5711.205867
"1",4671.07524478572,5595.93516565435,5648.78703985546,5603.71294
"1",4691.99001260715,5595.93154182263,5620.8250072472,5594.66
"1",4963.15135153572,5730.9523540941,5739.79925479544,5727.6335
"1",5633.75867371429,6012.19217601936,5986.37614464813,5979.45984
"1",5663.23133864286,5853.43230495193,5913.51489527504,5876.079867
"1",5549.75102353572,5905.49536904536,5925.74524408648,5900.59
"1",5572.45212967857,5639.62168416049,5712.77257370329,5669.622533
"1",5807.81773971429,5922.61916474756,5896.83630112987,5893.138417
"1",5990.13749071429,5880.22790831541,5914.56676825062,5889.82
"1",5907.95011689286,6152.95464587141,6135.75587431091,6136.49
"1",5854.9056535,6430.11069138819,6393.1621011472,6388.645167
"1",5704.41387714286,6738.72597080833,6672.66795313045,6665.306683
"1",5830.57153121429,6784.33344387756,6784.65570983313,6751.98
"1",5906.08083742858,7316.1015739598,7210.7557348389,7197.72006
"1",6107.25754728572,7043.73107573899,7051.03848243658,6989.071667
"1",6373.03162307143,7061.71684074003,7117.67983928745,7092.127233
"1",6650.82590507143,7157.35636756701,7156.68116424424,7128.64
"1",6849.81081385715,7172.13998345639,7184.93014119059,7158.03706
"1",7093.52602689286,6735.82644828366,6790.49418897142,6719.39785
"1",6979.93336596429,6374.72124363588,6578.01223543332,6550.227533
"1",7151.04651285715,6432.93418061238,6510.34857494489,6493.63
"1",7307.26939885715,7326.75645986455,7257.80699283794,7301.42992
"1",7166.98983464286,8074.18370677519,7856.5424644869,7815.0307
"1",6587.63202025,7906.66026898279,7927.76423089756,7868.77
"1",6370.73680210715,8100.31763097088,8090.00346242035,8049.72
"1",6557.91140285714,8073.76038803465,8099.23143875102,8059.8
"1",7381.92819500001,8331.71149050007,8300.0670223449,8268.035
"1",7793.98182500001,8235.47519309877,8284.65474746394,8236.72
"1",7871.42232139286,8253.80174603475,8288.2860876694,8250.978333
"1",8183.45821967858,10152.1096516337,9706.67705268139,9718.29505
"1",8124.51582064286,10019.7501335954,10063.6453688471,9952.50882
"1",8047.19922642857,9898.92254325612,9991.17985956902,9919
"1",8020.65877560714,10195.3633394569,10195.0784839911,10147.372
"1",8563.24203960715,11074.7149693642,10932.7325669209,10883.912
"1",9807.3796975,11794.2864865963,11711.3148965739,11584.83
"1",9809.36517357143,11524.2545588948,11713.3673199258,11591.22
"1",9963.33242857143,13991.9158413339,13843.1682672892,13540.98
"1",10495.1021075,18759.0148929976,17964.2672927596,16501.97167
"1",10768.0803925,16422.5798547684,18068.8116640742,16860.88
"1",10692.4426185714,13688.161834739,14719.0185052793,15068.95
"1",11701.6317853571,18252.9025875896,17648.3718364314,17276.39333
"1",14224.3001803571,16588.6938181934,17421.8586731815,16808.36667
"1",16447.1258957143,16243.221357113,16341.9463439454,16252.31
"1",16455.2176185714,17964.0473536109,17805.1460990334,17771.9
"1",15736.929285,18880.88213023,19167.5554859046,18961.85667
"1",16923.9468435714,17372.2885946608,18228.5640249839,17737.11167
"1",16284.0457757143,17606.908770796,17461.6943862784,17382.94
"1",16385.5533328572,15961.9641407274,16119.4636664827,16047.51
"1",18118.1769653572,15273.5256278344,15142.4490734419,15190.945
"1",19027.2070875,15780.9414825018,15537.9467295013,15589.32167
"1",17857.5010146429,14202.8463225591,14425.3339098648,14380.58167
"1",17192.0788682143,14351.5918198381,14183.6997729715,14214.01
"1",16095.1588689286,15109.1984960892,15009.6897954383,15005.85667
"1",15463.6358939286,14934.7105228318,15136.4306159383,15053.26167
"1",15282.6479196429,15027.7851629834,15127.4295127442,15039.24
"1",14459.6807760714,17276.2410407333,17234.3655946545,17174.12
"1",14146.1907157143,15152.8357899867,15573.8473653602,15265.90667
"1",14652.2363721429,15389.2549113841,14805.6691130452,14714.25333
"1",14988.7161335714,14624.9150746729,14474.3741807112,14437.42
"1",15649.6681671429,13503.3440298139,13363.6095601808,13296.794
"1",17017.7322867857,13981.6154004609,13868.8718789558,13912.882
"1",15380.5321207143,13940.3789242508,14054.5777997294,14012.196
"1",14690.6753782143,13590.7472397322,13636.6795086609,13554.14
"1",13870.4086432143,11422.5194702786,11258.6024377657,11116.94667
"1",13482.5382135714,11260.2197488753,11274.5913973238,11345.42333
"1",14325.9447617857,11180.8586638814,11144.0040193438,11174.82
"1",14282.20981,11481.1211425447,11534.7063474758,11513.42
"1",13079.5497153572,11263.3120532417,11294.707812336,11223.064
"1",11140.0887989286,11299.1042636483,11324.5069479472,11282.25833
"1",11319.8277,11367.8164778059,11447.0528559499,11392.03
"1",11223.07006,11038.9894829249,11044.7039766077,10969.815
"1",11463.4512857143,11188.4568771697,11242.596890903,11212.655
"1",11168.0627492857,10373.9264348719,10302.0551039865,10184.06167
"1",11316.6059492857,10142.136232074,10077.269639438,10082.52
"1",11321.8211899643,9289.10808004761,9114.23015803312,9083.258333
"1",11155.1960715,8681.02681726496,8882.67426037745,8901.901667
"1",10965.1904177857,6694.71329036553,6866.764048201,6838.816667
"1",10343.8722050357,6323.17998934886,6664.86260059843,6925.46
"1",10350.5540474286,8098.51702433759,8037.4940494344,8099.958333
"1",9348.283988,8325.48449382988,8308.99010156759,8240.536667
"1",8353.81732182143,8256.45200552577,8330.03859566317,8245.08
"1",6647.44988117858,8058.81369147049,8124.91416061234,8068.02
"1",7171.21883917858,8543.00908627377,8608.59324122554,8597.7675
"1",8228.65675575001,9437.14734549691,9379.74923369937,9334.633333
"1",8205.64333364286,9560.38127529479,9557.22653638006,9471.64
"1",8102.75184564286,10195.2958048441,10205.1194058453,10127.16167
"1",8143.18633892858,11347.9373585798,11214.5980617903,11110.965
"1",8646.07092239286,11581.2434887443,11520.2657810831,11390.39167
"1",9109.43684460715,11260.9313403509,11343.8341600034,11245.98
"1",9267.35297682143,9691.26703012045,10014.9277407104,9931.071667
"1",10308.3078006786,10130.92858896,10115.6077753217,10162.11667
"1",11389.3176193571,10387.2982649699,10355.9100940221,10348.60333
"1",11516.3189907143,10300.114347394,10385.1400600437,10319.46
"1",10956.9602386786,10382.3632093051,10426.6876876724,10370.165
"1",10018.3395850357,11138.2387164016,11042.5096364062,11009.38167
"1",10183.9524417857,10612.8152891728,11010.5456412065,10931.12
"1",10307.5935682143,11657.5011922786,11573.2564692023,11516.83
"1",10167.6317853572,10647.636739402,10886.1246376618,10763.19833
"1",10342.6960371429,10003.2720012928,10153.0225680881,10118.058
"1",10998.2239675,9892.55609106749,9926.45932759842,9920.46
"1",11146.48046425,8883.3796621355,9124.56377436967,9089.278333
"1",11512.6689275,9132.07732204128,9175.20661274618,9182.843333
"1",10791.9478663929,9157.52611865243,9173.4612762797,9154.7
"1",10188.0221667143,9152.99775901371,9189.0889265129,9153.54
"1",9677.46535707143,8219.93449820584,8409.11620262292,8358.121667
"1",9128.63116625,8544.38405012876,8514.47514089435,8530.402
"1",9278.93228535714,8420.049719869,8443.99604077832,8412.033333
"1",9264.25614289286,8585.79415522483,8632.95944607658,8605.64
"1",9040.45434535715,8960.17773304229,8997.65894142363,8947.753333
"1",8350.56504789286,8765.34793991174,8762.72500590909,8690.408333
"1",8436.47920235714,8668.56331854324,8767.45690796442,8725.37
"1",8405.84511882143,8467.83612816824,8506.8703846846,8457.96
"1",8636.16874989286,7785.12106854778,7902.87764247037,7876.195
"1",8944.02559485714,7817.19411687519,7969.21782436022,7960.38
"1",8816.91541639286,7962.16643632709,7984.96232047946,7950.61
"1",8690.82517857143,7396.94808831528,7439.11247976671,7410.435
"1",8345.16178571429,7267.1857611864,7432.71628332058,7426.48
"1",7905.50910714286,6810.56670774781,6854.4495935987,6826.51
"1",8009.65750003572,6469.55489581698,6594.60146611489,6603.876667
"1",7947.78910707143,6661.01162730701,6695.48881421535,6699.273333
"1",7539.93672617858,6797.08516301358,6806.88221503466,6784.41
"1",7352.71809532143,6938.72893649488,6968.39828636757,6926.266667
"1",6859.70410721429,7933.45335446638,7900.2394109353,7847.845
"1",6598.51434535715,8147.68778408141,8045.38696412559,7941.46
"1",6608.26845210715,8444.50978867519,8442.84722258711,8368.1
"1",6614.06931360715,7977.01775607832,7985.76173770641,7895.416926
"1",7045.38928003572,8029.26560077039,8197.28415961087,8164.937426
"1",7872.32053635715,8256.89363760306,8223.87925905162,8175.96
"1",8119.17876053572,8879.28195293174,8896.43143755816,8852.718333
"1",8252.30865485715,9162.22345276181,9001.81407620138,8933.861667
"1",7911.89977853572,9637.83632739508,9621.73831552552,9555.542
"1",8069.62350464287,9959.15914015338,9739.41168679701,9658.11
"1",8153.58007128572,9280.83264844478,9315.3511153838,9258.398333
"1",8737.16434510715,8841.52634821686,9039.31656236314,9010.32
"1",9114.03046460715,9186.86344140095,9293.33555855387,9259.57
"1",9664.25414285715,9302.29795883988,9272.90145312742,9239.55
"1",9584.62367846429,9214.97381383439,9263.3330638839,9221.426
"1",9226.1203092143,9642.90295535812,9674.64963814841,9639.268333
"1",9072.50110717858,9877.26029306691,9818.62564514305,9753.35
"1",9142.67005953572,9238.3514079771,9296.35693320362,9228.608333
"1",9170.33514292858,9201.34875783549,9340.84248437083,9322.041667
"1",9353.45588085715,9329.49844506351,9348.85141269778,9310.37
"1",9631.08603539286,8536.02184658675,8511.43377801459,8468.788
"1",9667.599857,8605.92049217459,8645.24336219118,8652.038333
"1",9352.12405939286,8525.98925563296,8540.86714588259,8511.458
"1",9409.67646460715,8469.10490584165,8500.8073880529,8471.06
"1",9114.89089282143,8115.41253382634,8137.84060750717,8106.118333
"1",8541.71567850001,8247.79453080222,8257.09647480817,8240.055
"1",8700.42978171429,8330.02798914666,8406.95797824246,8385.556187
"1",8538.43126567857,8348.17339603472,8434.18465717694,8396.63
"1",8275.87679460715,7706.79043057641,7610.31736538026,7555.74
"1",8108.78773778572,7788.61798074494,7562.79340314163,7566.193333
"1",8385.71681014286,7573.38692685073,7588.46555940646,7576.78
"1",8493.64210607143,7474.87627445446,7490.05171054032,7459.876667
"1",8235.48517853572,7413.53193923831,7424.56452235222,7385.395
"1",7572.93672603572,7398.53273455272,7426.97780562348,7386.72
"1",7611.32738071429,7512.96846409547,7561.78929615691,7535.146667
"1",7562.61892860715,7494.3953418092,7539.54597664756,7500.273333
"1",7437.55278928572,7601.19722674179,7646.88241598394,7615.722142
"1",7369.80697292857,7611.04928538043,7651.75874268739,7619.43
"1",7407.80415842857,7669.60950487405,7705.50052320218,7676.271667
"1",7505.88422628572,7629.68073235931,7669.98994663981,7620.153333
"1",7432.47408103572,6898.09154445245,6917.2305936004,6875.678333
"1",7616.67003339286,6994.53432515164,6879.86504905639,6879.31
"1",7683.56398825,6315.0760635062,6326.17184543309,6315.7
"1",7807.58315489286,6533.24293585036,6630.75132066028,6647.013333
"1",7566.17934489286,6683.9237858445,6683.41225910487,6637.41
"1",6888.98136882143,6460.83351083125,6472.87070672324,6445.79
"1",6763.90785714286,6661.88053111996,6745.02953510913,6737
"1",6401.22196414286,6784.66078470443,6751.68423611929,6714.718333
"1",6636.011845,6749.31216417918,6802.23672006872,6760.83
"1",6518.88916667858,6405.5975766004,6355.02951232738,6332.573333
"1",6481.40973217858,6111.64661892592,6226.97707205859,6211.4475
"1",6788.37907732143,6190.82095833387,6234.31394440868,6218.595
"1",6788.45702353572,6111.52343063927,6114.5907442662,6097.46
"1",6701.75637353572,6077.45893262212,6126.78848592093,6107.896154
"1",6305.88547132143,5931.52280439065,5920.0759494274,5908.7025
"1",6288.25581732143,6324.25041693735,6471.83006409647,6466.069167
"1",6241.11169639286,6730.87691667635,6691.89271633953,6626.44
"1",6044.60415067858,6623.50877756199,6638.13677596864,6593.289167
"1",5970.87273364286,6593.65163274006,6637.95475215724,6603.376667
"1",5984.92940478572,6565.23013662914,6598.77884918916,6555.51
"1",6516.05836332143,6688.30592634414,6752.44270357223,6724.04
"1",6603.06919657143,6568.89999182828,6539.78366734661,6510.791667
"1",6563.55699435715,6410.43490036845,6405.68789784545,6377.363333
"1",6603.98345264286,6402.41959151295,6421.33407605251,6403.18
"1",6618.11318457143,6261.79213884221,6274.40156960449,6244.3575
"1",6730.26517864286,6483.89400149383,6542.95788860766,6514.390833
"1",6544.05744064286,6865.64850752382,6904.89220143244,6869.910833
"1",6414.48360100001,7435.22775349301,7383.73302914193,7321.62
"1",6293.46639889286,7445.93053036741,7476.85198353278,7396.401667
"1",6180.64964271429,7439.70287065335,7462.86267352418,7428.045
"1",6530.71776746429,7742.46682622535,7735.43152998933,7689.884167
"1",6938.07130921429,7740.96686726304,7760.01757684864,7715.1
"1",7350.48333339286,8348.84026908483,8326.38967686016,8251.165
"1",7354.20431578572,8327.54686695835,8242.74655040856,8187.324167
"1",7368.09964292858,7859.34326865591,7997.61593589316,7939.81
"1",7657.04425617857,8234.93264988334,8251.63971421242,8220.91
"1",7822.72205353572,7954.9371545029,7957.3956622631,7916.800833
"1",8197.90276803572,7494.77877954575,7597.84104112281,7570.869167
"1",8150.35839314286,7593.31447488978,7621.49545584963,7607.7
"1",8060.02645832143,7372.9733524331,7407.41606155762,7394.499167
"1",8167.21705346429,6880.6997115011,7011.79977687839,6988.079167
"1",7880.80526757143,6957.86704097823,7012.88999673391,6993.513333
"1",7636.4687205,6675.75509905008,6754.74205204766,6718.23
"1",7592.47023825001,6293.70371966082,6398.08523829079,6396.7725
"1",7360.44428017857,6341.84177038242,6401.0705517026,6396.494667
"1",7069.00274417858,6336.92397342068,6364.45482001979,6347.07
"1",6980.14564253572,6234.89660081252,6273.31645237464,6252.13
"1",6679.77154532143,6360.20530846397,6376.58372229029,6362.676923
"1",6415.19844382143,6353.29347211831,6361.25410521912,6342.629231
"1",6382.23792700001,6308.34037833903,6354.22621351061,6312.75
"1",6335.81260985715,6500.49460360614,6518.40640179082,6486.58
"1",6269.86002746429,6392.58804978855,6420.2732543584,6401.246154
"1",6357.17361953572,6571.96458428794,6597.59374114025,6575.229167
"1",6301.00929271429,6402.50100932313,6378.95430136579,6354.57
"1",6351.38501692858,6499.10239474021,6548.02450258239,6543.645714
"1",6526.909223,7166.54195101708,7035.02202823762,7000.04
"1",6445.19968532143,7195.14368383614,7110.00781271572,7078.19
"1",6428.02351217858,6905.58656345549,6981.34312166638,6932.6625
"1",6317.25044242858,6983.11217599963,7013.12398042822,6981.946154
"1",6664.66323760715,7295.91520915938,7279.31341892925,7260.949231
"1",7028.18706039286,7211.87351985324,7288.133354738,7265.08
"1",6989.01797389286,7091.62140551232,7153.11433092695,7113.069231
"1",6828.18000692857,6349.07962178959,6446.85450907447,6433.271667
"1",7060.17081057143,6704.02949635051,6474.01363930799,6501.19
"1",7352.63698732143,6232.59400787933,6260.45600721545,6240.98
"1",7331.27591350001,6293.35146986858,6318.24496797298,6296.320833
"1",7016.66311846429,6273.56024648043,6294.60985039493,6273.1375
"1",6480.33508960715,6326.75037700674,6348.5670147065,6326.04
"1",6468.66812500001,6505.61431190049,6513.65394131985,6499.0625
"1",6236.067232,6401.26812534252,6432.6292642667,6400.600833
"1",6248.76639860715,6294.84588968552,6319.21673197405,6296.631667
"1",6276.83550596429,6350.99774634861,6371.21074477518,6342.39
"1",6394.01692260715,6422.29344492028,6453.59736430178,6418.562667
"1",6516.73462482144,6711.27714676327,6702.39990511358,6669.990833
"1",6361.32833914286,6636.04849707208,6673.12940862005,6639.304167
"1",6252.01830385714,6579.57297506395,6614.01431126798,6583.45
"1",6312.15579771429,6458.6857347678,6472.4840707917,6468.631667
"1",6482.98549421429,6526.07926221463,6560.49906883546,6535.476667
"1",6705.02892832143,6700.6229503457,6711.98451397835,6686.08
"1",6628.14139903572,6629.8323572083,6647.17231579281,6611.02
"1",6526.69928585715,6533.39966855394,6582.80227570044,6562.641667
"1",6459.89360153572,6467.67500681296,6477.44360568326,6470.4025
"1",6581.43211332143,6507.59899490551,6502.6563631469,6483.73
"1",6701.85241075,6567.74526966779,6591.32684466705,6568.549167
"1",6619.01323492857,6594.63758619574,6653.15781865026,6618.567692
"1",6532.48628921429,6603.30655821552,6652.00794120759,6621.711667
"1",6454.07041896429,6626.37399862472,6666.65563120407,6626.85
"1",6450.7586905,6190.70655464295,6256.16200274527,6248.635833
"1",6577.57232389286,6372.50161409156,6259.34662810099,6260.530833
"1",6693.00146746429,6464.63266913616,6458.26199761971,6452.571667
"1",6690.66750028572,6556.43105423677,6628.8712974245,6599.17
"1",6529.86801039286,6531.92395667473,6624.2337683743,6596.276154
"1",6199.35769646429,6564.97976510439,6601.95505014605,6568.040769
"1",6268.03418710715,6509.96801125606,6511.10858521551,6509.61
"1",6482.67947375,6527.78110879072,6522.0234093273,6504.78
"1",6608.53190664286,6479.48475763036,6493.29581548505,6481.426
"1",6603.15180225,6521.43839303357,6512.71473718091,6508.31
"1",6559.64656025,6477.32332449248,6507.69249053296,6489.77
"1",6506.52714282143,6476.61990840245,6487.31702320926,6473.753333
"1",6489.65853571429,6370.49612072333,6382.07388903302,6382.668333
"1",6483.31886571429,6326.57221749582,6329.49233611779,6309.452857
"1",6519.45921775,6323.86480512058,6295.63351144478,6301.61
"1",6514.73896671429,6353.56597250995,6331.35206357318,6342.280833
"1",6473.93148778572,6383.2443857623,6393.88681844801,6387.674167
"1",6370.18559067858,6432.46794170971,6432.49913972796,6436.965
"1",6295.84264439286,6401.96327594883,6445.78377095161,6437.76
"1",6306.17098203572,6627.31814115076,6549.96639448103,6538.79
"1",6337.60255939286,6428.98627369985,6520.17179166184,6486.251667
"1",6377.50663714286,6427.25636446668,6461.56803187317,6444.97
"1",6426.27529757143,6399.2708221839,6421.95597267622,6408.53
"1",6465.29678567857,6358.28353464544,6384.38791091852,6372.063333
"1",6519.52107157143,6096.75336600651,6183.50483286709,6176.155
"1",6444.36107175001,5352.48545675056,5746.49934133043,5756.77
"1",6454.45455357143,5547.46281244573,5580.73036393224,5596.1925
"1",6458.60464275001,5104.91279918745,5294.08720115263,5303.9425
"1",6352.22014853572,4134.5633392755,4653.53534582526,4671.97
"1",6146.66982142857,4213.94356226876,4486.89927912553,4491.98
"1",5866.21482142857,4594.86987549543,4512.05561870492,4548.7975
"1",5634.34321428571,4182.85361728491,4295.81635417558,4309.3375
"1",5167.02910717857,3670.03126682051,3906.70859163161,3920.536667
"1",4652.29357139286,3722.77586281618,3779.61414386502,3793.35
"1",4625.10294178572,4336.14374079186,4080.2822042305,4103.453846
"1",4596.92744503572,4315.72406047154,4271.55645200857,4263.783333
"1",4215.38346857143,4260.82882011027,4278.01775510873,4278.77
"1",3815.81607175,4047.38948819845,4131.81852327973,4140.6
"1",3804.49052189286,3870.10477082185,3942.35107268774,3961.493333
"1",4138.63056989286,3826.70441199976,3826.55777974946,3858.349167
"1",4299.63806521429,3688.64839660714,3725.12357855144,3744.98
"1",4258.06083325,3189.95282146926,3371.13968108619,3405.643333
"1",4152.2239285,3652.99089806919,3473.29068720787,3523.96
"1",3997.27163678572,3366.33135031053,3398.23517678041,3426.19
"1",3867.65288717857,3403.17924265601,3368.48815076576,3407.28
"1",3681.39348203572,3409.31571194994,3367.40517874824,3406.7625
"1",3429.68398785714,3211.28032058894,3244.4009882403,3278.374167
"1",3521.49401782143,3475.61290482349,3353.69345312212,3392.405
"1",3458.81422614286,3592.86688734433,3523.1381405677,3556.54
"1",3436.18535714286,3877.20084494765,3777.0509896538,3808.0425
"1",3362.82750007143,4023.15567442861,3956.15445640494,3982.850833
"1",3255.68208364286,4181.17289090334,4131.62573444147,4135.19
"1",3345.811131,3979.52324293214,3974.52513607732,3995.17
"1",3538.97008928571,3775.28759012827,3824.57408838128,3848.21
"1",3826.32285703572,3691.82490809382,3716.9420615507,3743.905
"1",4056.1557735,3790.36563918686,3762.16703664287,3791.545833
"1",4152.97437503571,3884.58965683006,3831.20592272175,3855.88
"1",3978.08461314286,3878.38063302999,3842.74001161125,3865.7975
"1",3808.96223217857,3811.48402797958,3792.85563729427,3822.626667
"1",3764.67633910715,4086.38559832362,3995.84767705706,4036.093333
"1",3807.37276757143,4064.61386672149,4020.70426119508,4032.25
"1",3833.52532739286,4035.10770732568,4017.37015308783,4034.138333
"1",3804.40446439286,3715.53511933071,3778.04841311725,3812.585833
"1",3843.20330382143,3586.23723564998,3615.48301772629,3646.25
"1",4054.54226167857,3487.65377371557,3483.24850978124,3531.96
"1",4101.37392846429,3746.75447176878,3631.9732146915,3656.785
"1",4030.85970196429,3597.06951006479,3604.22709218672,3621.270833
"1",3781.39505928571,3624.36160373771,3605.6305587402,3621.43
"1",3614.25720242857,3636.97293240421,3620.78711394673,3632.395
"1",3550.304375,3520.96683126363,3525.25778978843,3548.4275
"1",3647.95321417857,3547.95792353111,3520.46530280349,3540.02
"1",3636.79925567857,3601.47227137253,3577.20323995273,3587.35
"1",3634.33982142857,3558.37525271645,3549.76932278115,3566.4
"1",3613.96723214286,3589.36669680484,3571.43527131014,3586.25
"1",3539.75580357143,3550.00089302781,3543.57244439367,3554.5
"1",3537.28035714286,3431.79248743858,3429.30148472668,3448.58
"1",3582.41821428572,3415.36939647248,3410.49754967654,3421.6
"1",3594.7975,3479.18580727865,3471.86587370492,3470
"1",3596.86714285714,3434.22070676421,3445.09796151806,3444.81
"1",3533.72678571429,3461.01572501654,3448.87871028792,3456.02
"1",3440.05321428571,3449.91162420767,3443.27777595822,3452.35
"1",3433.84607142857,3473.6105127069,3459.82399704522,3467.34
"1",3457.82035714286,3407.73677132043,3399.52238152518,3405.7
"1",3444.0225,3409.21774152352,3384.07407899958,3394.76
"1",3493.26428571429,3632.74614689927,3698.39231397627,3686.29
"1",3459.3075,3474.72766905715,3638.46559203706,3629.47
"1",3416.56464285714,3644.15338089463,3619.27664139513,3632.42
"1",3368.29642857143,3617.3103805524,3601.8508463595,3614.5
"1",3452.99428571429,3606.92040279189,3582.53617285876,3600.31
"1",3685.82821428571,3659.09523590236,3655.6115963927,3670.74
"1",3660.30464285714,3884.57837075607,3927.16928873673,3910.8
"1",3622.87107142857,3884.21487050824,3940.53529861521,3926.53
"1",3574.10857142857,3987.57723046039,3998.96171478423,3987.18
"1",3571.81321428572,3941.83902972342,3947.66380165035,3944.88
"1",3683.62607142858,3766.16179912586,3750.14690035579,3766.89
"1",3919.71321428572,3861.05689346143,3818.89064752397,3848.33
"1",3967.02178571429,3826.30068860738,3818.0147719244,3831.45
"1",3993.61,3834.40376188358,3818.0843104989,3833.23
"1",3905.67857142857,3849.04273448544,3839.52883876468,3850.08
"1",3779.78642857143,3815.25283477588,3807.00500843939,3814.58
"1",3833.69714285714,3737.49951485241,3714.61675990549,3730.98
"1",3849.56821428571,3868.34661088176,3852.05575760258,3872.25
"1",3853.74607142857,3869.59718476833,3875.95806781116,3876.85
"1",3836.57035714286,3885.65123377595,3887.97143225463,3886.82
"1",3783.24321428572,3928.24206405923,3923.64149664655,3928.17
"1",3749.08107142858,3879.29477110692,3875.46910903618,3881.09
"1",3866.96357142857,3894.40907278238,3887.30179581531,3892.51
"1",3877.86964285715,3877.56171171635,3883.33290179269,3877.77
"1",3900.09535714286,3885.33212710692,3879.34675029679,3885.21
"1",3931.99178571429,3970.02385622382,3995.71944122127,3994.92
"1",3884.58464285715,3965.06072482475,4000.1258940654,3998.77
"1",3876.39285714286,4019.89016558897,4031.4159650636,4029.11
"1",3865.79964285714,4044.92184710591,4054.92043985692,4056.4
"1",3893.05321428572,4019.89160085755,3982.62553546963,3992.34
"1",3987.56428571429,4002.92888438082,3983.02836282936,3994.11
"1",4003.20285714286,3948.43303557966,3927.04485867339,3935.89
"1",4044.15142857143,3948.57502565866,3936.51006969163,3947.74
"1",4063.82178571429,4025.14494476103,4054.40899464525,4048.51
"1",3998.08678571429,4024.25088951781,4038.63473847884,4037.37
"1",3975.8525,4094.26509470384,4125.45087113681,4114.16
"1",3929.31285714286,4166.53867730637,4164.55194995395,4152.53
"1",4034.60785714286,5028.60357316383,4933.57777178586,4882.88
"1",4038.31178571429,5351.92866085645,4991.39068414456,4959.81
"1",3936.06142857143,4907.41151895025,4937.89664146755,4911.24
"1",4035.48785714286,5214.30785028845,5203.56426862296,5189.39
"1",4287.39678571429,5294.53684434634,5284.74238495603,5268.71
"1",4853.86678571429,5165.89857845932,5183.71956622111,5175.81
"1",4914.46642857143,5319.93580600348,5313.15256694664,5310.18
"1",4933.36821428572,5034.50884388741,5025.02352913861,5035.02
"1",5210.21821428572,5126.35493092471,5137.63285842969,5152.51
"1",5259.76964285715,5052.56343994675,5030.901158907,5036.18
"1",5239.52214285715,5173.73225580034,5185.55390475958,5196.65
"1",5263.42,5242.12793559584,5224.22783579184,5220.37
"1",5066.49678571429,5377.48824591654,5387.63065775244,5377.19
"1",5120.52785714286,5544.32708723321,5532.34672514474,5518.16
"1",5030.04714285715,5456.96088241713,5451.49882011904,5434.19
"1",5132.78214285715,5184.04883989659,5181.00888878802,5195.61
"1",5251.55357142858,5276.55759525578,5290.20364768412,5301.29
"1",5444.0875,5271.9693928935,5250.06508997548,5260.65
"1",5523.13035714286,5265.90354604331,5261.11379648723,5269.79
"1",5388.38928571429,5320.94343246374,5317.82462716546,5326.67
"1",5225.78392857143,5382.00719022246,5396.44084541414,5390.16
"1",5316.13464285715,5644.44439490989,5702.28847296069,5684.47
"1",5252.72035714286,5813.98482129584,5789.39454277523,5755.72
"1",5248.22571428572,5949.04248915034,5967.07839947337,5936.72
"1",5308.305,6222.32876585386,6186.50598096247,6146.91
"1",5495.7925,7273.70165162539,7092.0616711673,6978.63
"1",5731.78892857144,8573.06463991465,8102.17593746282,7823.11
"1",5657.36642857143,8034.45768857992,8176.27124411985,7992.69
"1",5757.74785714286,8339.13028959145,8324.66672334965,8206.9
"1",6116.17928571429,7683.75371990117,7849.3193669645,7885.96
"1",7107.575,8291.03359815109,8213.15194675833,8193.7
"1",7848.63892857143,8004.78404929663,8022.6647628764,8007.03
"1",8026.98500000001,7895.73605163896,7936.36583125677,7952.5
"1",8097.30392857143,7502.69063932866,7569.64010409767,7625.93
"1",8002.62357142858,7854.5778214902,7876.6428594991,7880.29
"1",8310.14142857143,9202.11454670269,8945.35209336545,8770.06
"1",8002.23178571429,8766.43924024673,8838.74377137036,8719.88
"1",7724.64035714286,8641.893577508,8703.03232430116,8662.98
"1",7509.56857142857,8136.26087007193,8230.21250877162,8272.46
"1",8104.46428571429,8838.51897605835,8769.657595486,8739.03
"1",8760.29035714286,8139.40023731266,8111.70524442749,8134.92
"1",8649.66357142857,7525.08641687306,7588.90610003648,7675.8
"1",8624.70428571429,7784.72939224045,7735.24283471738,7786.04
"1",8509.50785714286,7808.89375342744,7814.54941735403,7803.23
"1",8663.56964285715,7611.06849415985,7635.33942672382,7640.61
"1",8075.41964285715,7997.6636417565,8063.76525624497,8020.38
"1",7705.24714285715,7876.96523651407,7948.24486577345,7917.58
"1",7785.46107142857,8133.34049199544,8219.97708855784,8173.06
"1",7741.56857142857,8198.18719255068,8281.74124116783,8237.88
"1",7766.01928571429,8907.68947029565,9103.76650029605,8978.99
"1",7993.60392857143,9324.31479170267,9471.14318714639,9327.48
"1",7821.14357142857,9037.76453204586,9132.91470681827,9076.18
"1",8050.99785714287,9296.58245021721,9319.50976977369,9281.7
"1",8383.085,9539.09039345034,9594.61367781034,9531.35
"1",9185.23857142858,10944.4854306871,11067.922040896,10814.48
"1",9239.33285714287,11229.9954259173,11251.1281280723,11017.5
"1",8974.15071428572,11918.0157855798,11993.0185701404,11766.4
"1",9238.91785714286,13484.0389969071,13379.4889499448,12932.55
"1",9431.66678571429,11341.1107332734,11185.303500409,11132.85
"1",10534.8207142857,10782.4150272533,10609.4505414299,10737.73
"1",11224.7025,10568.0486561003,10501.1419492286,10578.72
"1",12312.4739285714,10814.5017699167,10805.4861925551,10805.4
"1",12816.6964285714,12065.8895483387,12149.9806942336,11984.76
"1",10964.3110714286,11146.8669643984,11212.4776456062,11160.49
"1",10542.3853571429,11459.7967680978,11489.4057891461,11477.01
"1",10658.0503571429,12268.8323877495,12381.9858383774,12313.08
"1",11117.8607142857,12536.6160932823,12681.0881942007,12586.78
"1",11620.7475,12075.7587250861,12143.259854095,12099.9
"1",10978.4339285714,11408.8220643488,11343.0192726259,11352.87
"1",11531.8435714286,10155.121879711,10071.9688806698,10186.96
"1",12611.7857142857,11010.9505284794,10863.3098227317,10873.5
"1",12614.995,9518.14756229373,9395.22372797443,9397.72
"1",12064.6146428572,9618.4739009565,9620.42099243143,9674.28
"1",11360.7360714286,10504.9264716001,10651.0554671066,10638.56
"1",10475.3932142857,10435.2792247818,10633.5044366329,10587.41
"1",10404.4417857143,10381.289775442,10347.1631027206,10323.62
"1",9265.30285714286,9978.29183681886,9852.11108609299,9844.3
"1",9883.73607142858,9812.6335801337,9761.88452363499,9772.17
"1",10746.6203571429,9869.49264789278,9881.23086088251,9875.17
"1",10582.1007142857,9569.96095528051,9540.55401431779,9530
"1",10230.5453571429,9544.39395022704,9508.38163168421,9501.33
"1",9875.4225,9575.00039345352,9600.46529774542,9589.13
"1",9897.06535714286,10038.8207660738,10110.7949877076,10084.7
"1",9839.63571428572,10385.5890749112,10448.6475070394,10407.17
"1",9502.94107142858,10964.9360765052,11036.9880810651,10980.23
"1",9486.69142857143,11849.3584434853,11876.8959247134,11787.99
"1",9515.15750000001,11540.8002783518,11530.8588422694,11465.67
"1",9998.07571428572,11908.3001837132,11998.504511579,11960.82
"1",10443.9667857143,12058.4705536207,12050.4864037932,11996.41
"1",11053.7575,11599.6570544921,11605.3669254404,11566.84
"1",11635.265,11505.6362093988,11394.4503326481,11386.26
"1",11553.7860714286,10702.310731589,10861.3766586974,10858.12
"1",11964.2153571429,9648.47224705006,9979.27230935559,10016.96
"1",12051.505,10215.2321453557,10285.6297819289,10302.17
"1",11731.8610714286,10365.5676660588,10335.3653190001,10317.6
"1",11435.62,11037.8791368262,10960.0010006382,10917.26
"1",10648.175,10879.9056277028,10814.7596540505,10760.56
"1",9912.39607142858,9990.20684906126,10142.3805999009,10129.4
"1",10239.7789285714,10049.0116769209,10100.6479673826,10111.98
"1",10563.8371428572,10408.7101364046,10378.1413637938,10360.28
"1",10961.7539285714,10154.1846960829,10199.910661213,10171.95
"1",10566.2132142857,9614.74887741181,9726.63656810019,9717.82
"1",10092.7289285714,9446.9257223861,9470.83763966364,9484.55
"1",10278.6607142857,9841.74252548958,9778.64510830136,9769.79
"1",10490.9407142857,10410.6027626021,10434.0574135032,10386.64
"1",10108.5721428571,10501.6448352963,10684.5320877391,10621.29
"1",9543.31642857144,10502.5199973768,10626.012990449,10584.16
"1",9413.16142857144,10584.4885248064,10602.946218989,10577.8
"1",9833.35071428572,10350.1651877936,10428.1364456723,10406.31
"1",10424.8278571429,10338.5874778483,10331.3169709915,10313.66
"1",10617.285,10077.664738938,10113.9068851845,10101.03
"1",10627.0039285714,10249.5803562803,10165.7922418189,10159.32
"1",10618.7353571429,10489.0408861445,10450.2154872516,10420.16
"1",10400.0571428571,10096.4506432515,10348.5475808249,10310.43
"1",10225.3003571429,10319.4083271934,10285.147770349,10265.63
"1",10081.7871428571,10177.8128267466,10208.5284348579,10190.36
"1",10224.4632142857,10184.0385620939,10174.8992545038,10157.59
"1",10430.3921428572,10362.5991528848,10297.3673039533,10275.88
"1",10291.8467857143,9809.69106350582,10059.9494218485,10033.05
"1",10202.5071428571,9585.53210483473,9689.47709572081,9683.38
"1",10081.2528571429,7641.07090852365,8508.21196990229,8553.61
"1",10250.3510714286,8627.84789877712,8379.19832765826,8432.23
"1",10403.5171428571,7897.0948051163,8029.44774741565,8055.64
"1",10149.4625,7970.84825722967,8038.65185398215,8056.74
"1",9579.66678571429,8374.10797581574,8322.85119478605,8307.74
"1",8587.20285714286,8377.60436163881,8355.90007031055,8322.92
"1",8335.30071428572,8400.55404735199,8408.35445230546,8382.03
"1",8002.18285714286,8210.19927040392,8250.2065139741,8236.17
"1",8051.68821428572,7738.23598069986,7857.31742059653,7869.74
"1",8359.51642857143,8219.81389243825,8226.53041516404,8212.02
"1",8404.30035714286,8257.75816543674,8216.99690948489,8190
"1",8402.06785714286,8649.64202129627,8629.16201576342,8587.92
"1",8124.87535714287,8696.47115798165,8632.76484969046,8586.9
"1",7844.68214285715,8225.90316338313,8298.869908929,8283.76
"1",8158.8642857143,8304.40922576024,8354.29846446449,8353.54
"1",8284.00357142858,8147.22296813743,8169.9915732353,8162.16
"1",8603.96964285715,7932.87767948952,8004.26349027136,8002.51
"1",8558.09678571429,8051.89962830777,8093.97605390083,8076.78
"1",8362.89785714286,8284.32708974013,8256.63433916617,8231.06
"1",8330.64714285715,8267.68242500903,8248.77505649469,8222.52
"1",8080.02678571429,8044.77692193357,8040.65962618431,8026.76
"1",7935.2525,7509.36874778383,7454.89277004232,7469.56
"1",8129.47857142858,7464.49792425217,7413.43207664059,7431.88
"1",8564.20714285715,9526.00235488867,9624.63036417929,9551.54
"1",8236.89071428572,7795.96597344461,9318.68251041912,9218.76
"1",7652.82607142858,9448.39097317063,9474.78379158403,9433.35
"1",7178.77035714286,9181.33967876947,9200.53395887516,9164.62
"1",7825.49214285715,9185.81658022146,9158.51206200158,9147.98
"1",9506.08285714286,9198.97589993695,9234.88951929606,9206.16
"1",9320.54928571429,9374.83165597713,9438.34396952713,9418.05
"1",9367.87178571429,9294.61803172189,9340.84992273651,9310.19
"1",9126.61892857143,9352.79084471209,9364.95799053332,9343.34
"1",9128.60428571429,9223.02732217354,9226.77308088201,9204.24
"1",9236.76464285714,9084.20351595153,9050.7262066426,9037.12
"1",9379.71321428572,8787.04560305796,8733.64207106382,8717.81
"1",9368.8242857143,8831.23216527943,8808.74939567257,8801.52
"1",9383.80142857144,8757.80501754363,8781.9747260628,8762.42
"1",9194.11500000001,8657.27717089828,8653.48568120156,8632.32
"1",8959.97142857144,8538.8652663886,8527.59525230441,8503.93
"1",8721.79321428572,8239.0165965458,8191.63655000793,8175.99
"1",8825.55178571429,8171.23910555877,8136.03724736345,8120.8
"1",8800.20035714286,8057.76725008853,8104.40731374951,8081.81
"1",8614.3325,7805.91205155285,7643.12631104783,7617.07
"1",8382.7875,6505.67015651934,6919.66211492533,6907.4
"1",8261.97285714286,7268.91136651332,7116.04106743364,7130.25
"1",8285.18678571429,7159.69644018974,7171.3642463024,7163.63
"1",8106.95928571429,7618.62164206317,7551.57797791667,7523.83
"1",7443.79285714286,7425.3803865671,7462.12566466847,7431
"1",6887.93571428572,7393.72147021093,7419.03315547298,7402.69
"1",7088.04,7287.31503151585,7330.69474756946,7309.59
"1",7243.88357142858,7292.40322422064,7309.99623477786,7296.77
"1",7513.46321428572,7167.39096664501,7224.91181903061,7192.85
"1",7462.83892857143,7438.64874145918,7419.53209775281,7395.97
"1",7416.28714285715,7550.1675983309,7557.88438710034,7522.39
"1",7273.31107142858,7292.84079344424,7376.83907309562,7337.42
"1",7218.63642857143,7201.16024366623,7239.2926341247,7220.76
"1",7235.50892857143,7202.77267171536,7217.64272350819,7202.31
"1",7460.22607142858,7187.52826338336,7212.18776282325,7189.16
"1",7500.30178571428,7096.06511858937,7135.94732621789,7111.14
"1",7296.28785714286,6837.7950970766,6897.3814133697,6879.54
"1",7201.8375,6569.46017546034,6620.91443964334,6612.12
"1",7316.21142857143,7422.80924513728,7291.71129593658,7284.29
"1",7232.22035714286,7025.48929295589,7188.97621329549,7150.86
"1",7050.91321428572,7414.45805601054,7541.92580345654,7514.41
"1",6734.21678571429,7394.38459189159,7348.17545033325,7322.08
"1",6685.59607142857,7241.3458753932,7219.10019743324,7194.4
"1",7256.46321428572,7329.93142377021,7403.36349070947,7385.36
"1",7243.73535714286,7267.58560566366,7246.87676838654,7219.6
"1",7466.31964285715,7201.42133239961,7192.45083656243,7175.68
"1",7270.89250000001,7019.02126149912,6962.81311878587,6944.33
"1",7302.08714285715,7201.85834114367,7360.77982254573,7351.57
"1",7438.76321428572,7626.77272143953,7800.251392418,7759.24
"1",7230.15464285715,8209.77112023403,8200.6020141279,8165.47
"1",7004.7925,8093.60574385099,8081.72796794912,8042.65
"1",6876.70178571428,7829.05196761409,7840.30124975004,7817.92
"1",7422.02928571429,8131.59373424568,8186.6225207329,8173.97
"1",7874.06714285714,8114.04247381302,8127.12598197867,8105.24
"1",8203.76142857143,8735.41875495411,8843.36548763455,8842.42
"1",7958.41714285715,8915.83100729181,8854.82535063593,8813.89
"1",7776.16535714286,8730.68845572693,8762.36266013567,8722.03
"1",8058.46071428572,8688.87171878247,8728.62281536663,8703.36
"1",8245.83964285715,8629.55367590749,8655.64908005422,8626.47
"1",8863.37857142858,8716.48768901654,8752.60803030563,8722.26
"1",8804.35357142858,8664.85650328372,8696.23521507103,8658.94
"1",8686.97857142858,8381.62274434498,8411.6331202024,8388.11
"1",8706.45285714286,8569.92370530938,8603.89936052435,8588.42
"1",8724.2425,8911.549095144,8926.33864808888,8895.78
"1",8773.51750000001,9461.90052573107,9411.97882787245,9385.69
"1",8526.70892857144,9280.04401041298,9326.31362503642,9279.81
"1",8333.82964285715,9513.90411553882,9526.72685606117,9502.37
"1",8568.3217857143,9329.32577498724,9352.14599010474,9314.56
"1",8950.26464285715,9158.54851356388,9194.86148294138,9162.14
"1",9361.81857142858,9138.52485605859,9184.86705942276,9162.14
"1",9416.66714285715,9583.63874127273,9648.69518772376,9614.9
"1",9505.68821428572,9822.17111112862,9800.72125760496,9755.66
"1",9266.24250000001,10208.0720569482,10197.9170022726,10162.41
"1",9044.39214285715,9860.78247489145,9904.96526034374,9854.79
"1",9209.8375,10166.5328113561,10293.7435743032,10275.38
"1",9634.33000000001,10447.4677191717,10400.0314625587,10354.3
"1",9800.16928571429,10257.244866012,10282.9199113804,10242.43
"1",10003.4664285714,9921.676376068,9965.00282608019,9937.67
"1",9909.55892857144,9645.34065989979,9724.09583770233,9703.93
"1",10400.0685714286,10154.5862035233,10194.4518348532,10180.65
"1",10349.545,9791.07368020529,9654.54887195511,9604.72
"1",10153.5264285714,9502.8286145509,9626.79418281681,9606.86
"1",9951.08892857143,9915.62767509354,10019.6720995674,9989.39
"1",9836.13857142858,9753.43803224411,9698.16153570517,9663.75
"1",9984.85964285715,9484.56107846646,9340.6441000447,9309.15
"1",9540.87178571429,8872.99094441909,8817.99601642922,8785.52
"1",9774.40321428572,8816.08838615075,8817.99240462794,8804.72
"1",10068.2835714286,8900.08066632629,8929.74349115394,8912.82
"1",9672.49,8910.65177753087,8940.77168470292,8912.82
"1",9180.47892857143,8773.20191228919,8787.21837600083,8754.34
"1",8773.99428571429,8782.16387999141,8787.20803675876,8758.9
"1",8879.71607142857,9000.80381692916,9083.79615761337,9067.39
"1",8824.66464285715,8282.82482233537,8078.33091484957,8039.38
"1",8828.28714285715,8224.2241867801,7944.14791390211,7931.94
"1",8852.96285714286,7905.50839982427,7906.80915022834,7885.46
"1",8981.67928571429,7935.59672937468,7944.62516805831,7936.65
"1",8572.9725,5384.79204150406,4893.12904564282,4830.21
"1",8075.04607142857,5352.87034219026,5291.11777883325,5348.44
"1",8325.59464285715,5102.82495384837,5043.88078567228,5026.35
"1",8299.8375,5288.14780252105,5346.49039344328,5357.61
"1",7359.54642857143,5425.53505556855,5423.48195239266,5410.23
"1",5005.545,6085.45506118489,6196.11749196416,6195.2
"1",5196.16464285715,5957.77422229996,5860.07281755785,5822.62
"1",5038.65571428572,6342.30958355312,6483.57034868744,6502.16
"1",5336.62892857143,6794.04525906074,6788.96604941537,6768.49
"1",5499.04857142857,6738.14100973719,6723.82730657901,6698.46
"1",6000.53892857143,6745.2061098514,6793.52875912421,6763.75
"1",5821.81571428572,6046.07232694627,5927.55673183503,5885.41
"1",6606.09750000001,6209.86996755419,6393.90132859319,6405.29
"1",6874.59785714286,6474.69091243783,6447.72912289022,6428.28
"1",6785.39071428572,6612.67998374965,6654.51781476772,6652.87
"1",6546.09071428571,6808.68191000778,6810.23871559711,6809.11
"1",5939.48392857143,6801.4943726395,6797.31057295289,6777.44
"1",6415.60821428572,7233.02697533296,7325.71315855557,7343.2
"1",6435.84142857143,7451.45719008131,7226.44424126976,7205.55
"1",6621.55857142857,7249.69872811677,7366.38948043678,7365.03
"1",6687.935,7052.58378694225,6898.05932191424,6857.66
"1",6876.88107142858,6735.78087393447,6865.41157140663,6871.95
"1",7341.73071428572,6680.57362860105,6657.12847019904,6623.8
"1",7356.80464285714,6923.83207297115,7100.33938107462,7112.27
"1",7309.74071428572,7246.03538708213,7145.04312635008,7130.04
"1",6794.83035714286,6932.76176468323,6878.20097024824,6840.24
"1",6756.63321428572,6825.21863284828,6858.93943363162,6852.52
"1",6779.72428571429,7033.39478400148,7130.34830776195,7130.99
"1",7192.22571428572,7393.4643967526,7483.80219284658,7477.6
"1",7060.50464285714,7694.11864353752,7711.99649312154,7699.27
"1",6762.92750000001,7808.45569164359,7814.30282589032,7790.66
"1",6818.35000000001,7788.66924782179,7781.86785305421,7765.33
"1",7256.6225,8703.67176331792,8752.18561080778,8777.63
"1",7491.79750000001,8861.88883466019,8664.30160199887,8628.77
"1",7604.0775,8837.77994663837,8920.8012956976,8903.95
"1",7660.8575,8950.19214789909,8926.95904644304,8885.93
"1",7943.59107142858,9008.67801143671,9048.36540865963,9030.96
"1",8729.29250000001,9188.72466209969,9163.04952425248,9170.79
"1",8615.15821428572,8826.14012604149,8792.14691183051,8754.46
"1",8845.33678571429,8558.1342964783,8629.30174083289,8617.25
"1",8972.46535714286,8792.50125167851,8799.26943991176,8814.53
"1",9187.65678571429,9296.67343907445,9270.11273980999,9305.93
"1",9139.76178571429,9892.57669924287,9780.3669073779,9790.31
"1",8618.62071428572,9706.58445239835,9692.38874352923,9669.4
"1",8518.43535714287,9711.76722162289,9732.35022853316,9719.37
"1",8857.46678571429,9798.45669989592,9812.33100420756,9785.74
"1",9373.08892857144,9495.60681843475,9526.96772018474,9510.67
"1",9703.5525,8980.28673989698,9097.00496401007,9057.57
"1",9691.21857142858,8839.69191155835,8907.72843496331,8899.66
"1",9829.15928571429,8821.83981638574,8849.38393548305,8842.85
"1",9861.91,9222.76013841755,9196.49425266717,9197.54
"1",9500.25535714286,9661.18246611124,9562.00227472583,9569.21
"1",8974.13500000001,9257.40740267326,9467.84637488213,9450.84
"1",8866.47,10458.1925705697,10186.970421123,10204.23
"1",8797.28821428572,9615.6449648777,9585.49911046063,9525.57
"1",9187.38571428572,9591.15867146398,9667.06295752156,9658.04
"1",9552.02392857143,9793.72643121287,9799.35107455822,9794.56
"1",9659.03928571429,9764.96716063036,9771.61185128088,9753.85
"1",10047.6928571429,9776.35536229666,9808.80933318768,9782.59
"1",9534.74107142857,9779.73859459793,9794.96138724669,9775.15
"1",9696.66214285715,9879.85617226842,9903.31757720031,9892.13
"1",9719.35000000001,9469.03449022558,9315.59927744098,9286.42
"1",9748.01035714286,9268.08298893847,9338.9275736397,9330.07
"1",9861.43321428571,9406.62972050795,9439.11848590751,9426.7
"1",9886.97285714286,9509.72619510141,9539.35616617835,9526
"1",9756.3,9476.84005085486,9476.8128947978,9454.81
"1",9258.2125,9405.88541388431,9396.6273409431,9380.03
"1",9333.10428571429,9324.85048002623,9301.67125372732,9284.78
"1",9508.905,9530.16832951967,9670.00181341536,9691.9
"1",9530.03357142857,9622.69183238996,9621.27078490889,9621.49
"1",9359.94892857143,9488.29224460706,9297.90168974034,9276.58
"1",9311.09142857144,9421.24208508804,9252.34195331111,9240.85
"1",9404.66357142858,9207.36996293632,9146.92552599627,9127.47
"1",9739.90535714286,9208.27082272756,9177.02763228795,9185.35
"1",9575.69535714286,9129.08589390485,9142.1856330625,9133.97
"1",9289.10071428572,9227.19129191271,9231.40962569989,9236.38
"1",9203.775,9096.82750931876,9093.14729078761,9087.98
"1",9130.63464285715,9122.25181059468,9085.87899122246,9089.09
"1",9210.58285714286,9291.70238606059,9336.67160001333,9348.91
"1",9163.36892857143,9158.29988322186,9272.26952793683,9256.23
"1",9192.30142857143,9422.6268129878,9430.34915924229,9440.07
"1",9042.655,9252.80043325701,9259.79914582419,9238.04
"1",9128.66285714286,9322.7976324674,9300.43658888013,9295.9
"1",9328.76892857143,9246.00711038309,9256.92521797738,9238.13
"1",9311.41035714286,9259.15332363879,9249.08849519312,9254.52
"1",9397.44357142858,9210.4825498128,9195.396473323,9193.51
"1",9247.58607142858,9160.1439710785,9127.23516677113,9131
"1",9300.92178571429,9195.39917127333,9203.47169055106,9214.66
"1",9253.26071428572,9202.06408121964,9174.02511833487,9163.87
"1",9265.11714285715,9303.22872650199,9367.20021533442,9392.66
"1",9193.15964285715,9536.65101822353,9526.08576138044,9537.4
"1",9128.6225,9633.11182251592,9628.0879256246,9613.11
"1",9187.12750000001,9941.10719648213,9934.87746699032,9938.83
"1",9291.47214285715,11659.5993686623,11002.8063972917,11042.4
"1",9349.64571428573,11264.1832245954,10968.8415930086,10934.94
"1",9364.70642857144,11095.1191690068,11107.145867475,11102.67
"1",9530.28642857143,11154.177177531,11116.501849957,11114.93
"1",10123.3046428571,11077.4723846828,11081.6643768393,11077.77
"1",11015.155,11250.7262197968,11226.6143116415,11242.57
"1",10963.2717857143,11220.4537009001,11199.5793773901,11194.25
"1",11146.1996428571,11792.9448996334,11713.7574081858,11750.28
"1",11094.0821428572,11899.708737271,11782.121465787,11772.94
"1",11025.1457142857,11678.3286266188,11710.0772993599,11684.06
"1",11173.6610714286,11898.5116814441,11897.7067260331,11893.03
"1",11249.3653571429,11412.6367808085,11455.7274283141,11392.43
"1",11756.5292857143,11466.4451677832,11576.711674706,11573.11
"1",11820.6214285714,11809.2393877553,11769.0522543186,11777.43
"1",11781.7125,11949.2101973526,11919.972640334,11914.01
"1",11789.3203571429,12343.3191999507,12286.782951634,12293.72
"1",11341.2596428571,12029.4825876563,12019.98310651,11969.53
"1",11510.6046428572,11696.0180856528,11773.2966670244,11734
"1",11808.0114285714,11848.9784401362,11868.2074339907,11865.82
"1",12038.9753571429,11723.8612061027,11688.456188735,11653.02
"1",12262.5278571429,11745.7917877982,11771.4509336105,11763.93
"1",11893.34,11446.6987893272,11407.4029550442,11337.4
"1",11786.0203571429,11419.3364665966,11474.620972881,11467.37
"1",11855.1914285714,11353.5320174662,11337.9455698844,11302.01
"1",11753.5010714286,11542.4405250912,11626.7761407609,11659.57
"1",11721.0710714286,11870.6030020032,11913.3992588023,11923.25
"1",11276.815,11559.7737919519,11465.1116289882,11397.44
"1",11219.4575,10243.114978282,10313.8304734809,10187.51
"1",11410.5307142857,10541.5007626354,10256.8962696561,10254.93
"1",11966.7053571429,10360.6939705589,10370.8673775312,10367.74
"1",11966.1903571429,10070.9732293805,10156.4938997734,10121.52
"1",11167.0242857143,10287.0744690525,10237.964473636,10227.83
"1",10231.9825,10343.8919810437,10339.9830626937,10352.66
"1",10292.7164285714,10298.5426513336,10329.5460698973,10330.77
"1",10327.5953571429,10708.1689246297,10655.5602750666,10674.64
"1",10137.6889285714,10734.0988897408,10791.5394979304,10785.62
"1",10221.5678571429,10950.4848661778,10961.341787132,10948.43
"1",10283.2860714286,10914.4317373854,10965.4419767091,10943.89
"1",10350.4653571429,10916.8581514301,10948.6044553574,10919.65
"1",10619.4346428571,10349.6664645748,10506.3747678562,10430.46
"1",10829.7075,10675.5247582949,10548.1644519963,10532.22
"1",10989.0657142857,10159.8583617072,10284.2347868393,10234.48
"1",11048.2603571429,10857.6195356139,10697.2076457496,10732.43
"1",10864.7714285714,10690.2273396615,10777.5002031338,10774.24
"1",10411.2539285714,10678.504386959,10715.1964073964,10692.33
"1",10417.8510714286,10858.1143998383,10838.2615383973,10840.8
"1",10322.3910714286,10796.6408621479,10805.635578703,10777.92
"1",10713.3860714286,10637.5487684444,10652.896777453,10619.24
"1",10753.1953571429,10634.3929953651,10694.9345152454,10673.46
"1",10762.8260714286,10776.731832952,10800.8128983431,10788.56
"1",10824.6921428571,10654.2915932797,10650.5994325214,10603.74
"1",10732.5807142857,10625.3182127109,10687.6510137619,10670.8
"1",10665.9357142857,10883.6610312483,10911.3186463429,10923.3
"1",10759.4053571429,11404.3568661166,11338.574700829,11376.61
"1",10727.4153571429,11604.9747756725,11535.6506465925,11540.04
"1",10502.9064285714,11445.649737853,11450.229496952,11428.24
"1",10628.1135714286,11423.1888519121,11453.5349752818,11431.32
"1",11004.6307142857,11500.3080041661,11512.4717739739,11503.73
"1",11421.8042857143,11513.8384923932,11534.9896030177,11508.2
"1",11536.0728571429,11751.7458984387,11748.8852119734,11758.16
"1",11435.7321428572,11885.5193289687,11937.7921528721,11925.46
"1",11504.9853571429,13346.3104194766,12778.0320981597,12831.56
"1",11461.9221428571,13171.600531025,13009.1840199575,12990.25
"1",11404.4771428571,13059.7902636183,13051.0946511198,13036.77
"1",11640.165,13091.7088477054,13110.3566257436,13076.37
"1",12119.5657142857,13853.4533028619,13633.118522968,13651.47
"1",12808.7585714286,13318.6611390317,13356.7442247064,13289
"1",12928.9207142857,13403.6692432146,13474.6775932827,13458.66
"1",13045.6321428571,13823.7856944234,13763.8622003754,13758.88
"1",13186.9275,13586.6468081153,13620.0234665016,13575.17
"1",13567.6325,14016.4353838917,13993.5337957244,14023.31
"1",13316.825,14262.3904664181,14168.3264695197,14155.59
"1",13628.3307142857,15825.7469413542,15503.3864496448,15591.39
"1",13632.3585714286,16158.7833582356,15581.20163434,15490.6
"1",13413.8189285714,15305.3552342721,15395.0470316525,15328.53
"1",13854.9846428572,15286.261289873,15358.8913237605,15317.04
"1",14491.4925,15716.9622424863,15722.722606895,15708.65
"1",15661.0703571429,16406.1696388967,16298.371588479,16295.57
"1",15372.2764285714,16035.8610383648,16042.594931743,15968.16
"1",15267.7942857143,16640.6365961186,16709.0555762828,16725.15
"1",15452.1728571429,17877.5626963891,17644.0390640538,17679.72
"1",15764.8096428571,17907.3848443243,17865.8316764118,17798.45
"1",15994.9653571429,17832.7274991273,17877.3349865869,17820.57
"1",16014.4771428571,18467.837909298,18427.8841342017,18422.28
"1",16872.9835714286,18461.5146734628,18499.0271632117,18398.91
"1",17694.69,19237.3646161867,19191.9704016434,19172.52
"1",17673.4171428572,18876.4662913859,18855.1197796492,18739.8
"1",17650.6596428572,16912.1466970314,17357.3930918796,17151.44
"1",18480.8539285714,18288.0767532614,18106.7833827813,18191.6
"1",18988.4371428572,19488.6490410917,19604.5191060353,19709.73
"1",19075.2903571429,17926.9573112992,18956.5593157205,18792.52
"1",18137.2425,19535.1554834857,19238.0098436396,19226.97
"1",17275.7196428572,19268.0043137646,19470.6843318268,19454.54
"1",18523.4232142857,19301.958498718,19438.4245277027,19377.66
"1",19430.3414285714,19230.7530655572,19273.6743985254,19181.41
"1",18756.1582142857,18477.1464558477,18500.1679541338,18318.87
"1",19331.8346428572,18842.1204990699,18592.8543205958,18554.15
"1",19559.2396428572,18192.8058310884,18337.9110376876,18247.76
"1",19530.4439285714,19142.7785982213,19108.2635600111,19164.48
"1",19049.5553571429,18883.2286124239,19306.9538176278,19276.59
"1",18291.1757142857,19362.1953636542,19479.8330725521,19439.75
"1",18560.29,20954.9490003978,21200.0179572761,21379.48
"1",18529.4192857143,22438.9297487242,22877.1173267896,22847.46
"1",18952.9925,23330.9937816635,23629.1786084156,23490.58
"1",18739.0778571429,22468.6943334401,22906.3811547971,22745.48
"1",19600.2064285714,24023.0270475989,23820.5048987864,23824.99
"1",21594.9428571429,23187.8194522363,23380.9805804466,23253.37
"1",23319.8857142857,26704.40118957,26809.1147818057,27036.69
"1",23321.365,29210.516935675,27578.674518623,27376.37
"1",22638.0303571429,29040.4725058505,29216.4286910853,28856.59
"1",23577.9353571429,34522.3757934005,33909.9711228949,33000.78
"1",23565.5039285714,33552.8538674783,33263.7516327817,32035.03
"1",26509.3928571429,33657.4299424534,35042.5424150731,34046.67
"1",27488.1042857143,37902.2812783874,37959.5015799302,36860.41
"1",29728.5285714286,41058.9743170705,40924.5899821223,39486.04
"1",32005.49,38831.9586239162,40240.5528450014,38240.09
"1",31328.4325,34856.4651165344,35897.2069829735,35544.94
"1",34187.7635714286,33285.8428365627,33686.9201618675,34011.82
"1",38254.57,37988.5368640275,37276.6665750238,37393.13
"1",40056.7310714286,39477.9644715767,39498.7144031525,39158.47
"1",37134.2010714286,34892.6739940468,36120.2247662595,35793.01
"1",34625.8621428572,37120.60376658,36657.2790301395,36632.35
"1",34778.6189285715,35913.115522747,36153.2183668159,36020.13
"1",38017.6917857143,35550.9881548352,35647.4145064017,35538.98
"1",38017.0742857143,30287.5040460502,30967.2753475661,30797.88
"1",36257.5478571429,32927.8250892428,32086.9299724523,32276.84
"1",37265.4628571429,32105.4999927172,32220.7979346523,32243.26
"1",36432.2167857143,32562.2061803341,32634.9183397783,32541.8
"1",34258.4475,30294.5938659336,30652.1089091379,30419.17
"1",31343.8428571429,33447.7453254615,33186.9662604296,33403.17
"1",32502.8517857143,32438.5877541515,33328.534453582,33136.46
"1",32214.9221428572,33553.9106954979,33682.6010305282,33522.9
"1",31989.5846428572,35094.3765694333,35536.394114184,35529.66
"1",31164.9146428572,36777.1144144858,37803.0467460047,37676.25
"1",32941.4260714286,36684.2500230097,37488.7360142971,37002.09
"1",32818.4896428572,38630.3067072618,39108.9657494865,38928.1
"1",34467.6385714286,45655.2665597941,46467.9265053415,46364.3
"1",35758.2810714286,46191.0559551423,48088.6098295861,46589.58
"1",36035.0403571429,44916.7247846574,45678.2656251435,44878.17
"1",36587.4385714286,48025.9870678068,48599.2088943392,48013.38
"1",40544.0460714286,48482.4506619009,49352.6901154139,48720.37
"1",46118.7871428572,47876.024722227,48644.828792722,47951.85
"1",45864.5407142857,49262.1960879571,49457.2350245135,49160.1
"1",45763.7614285715,52024.3806167216,52148.0964361545,52118.23
"1",48022.1582142857,51106.3424755756,52382.7066204127,51608.15
"1",48617.9060714286,57718.0817229555,57506.5648532951,57487.86
"1",47457.4096428572,54622.1566543457,55976.7412562551,54123.4
"1",48359.5007142858,49508.0550169743,49623.9740472843,48880.43
"1",51854.7239285715,51849.9486430304,50435.4830462572,50624.84
"1",53477.9717857143,46762.8965076396,47151.0214545786,46800.42
"1",57206.1614285715,45510.3016683134,44934.806243851,45113.92
"1",53966.9257142858,49744.4266725758,49032.6410945112,49618.43
"1",49843.95,47682.924901768,48703.3663453874,48356.04
"1",49766.6557142857,50440.5758825007,50530.0356962552,50477.7
"1",45818.7289285715,48380.8314324492,48896.5663774905,48448.91
"1",46087.0571428572,50676.328707665,51067.7536440101,51169.7
"1",49500.7678571429,51697.180430941,52389.9651702839,52299.33
"1",48912.7139285715,54218.0277825873,54964.6010091579,54881.52
"1",49684.8964285715,55751.3151213111,56339.8903274497,55997.23
"1",48593.8021428572,57492.5461371467,58119.876304101,57764
"1",50989.8771428572,59002.5118699878,59609.9409727429,59133.47
"1",51986.6435714286,56377.6615242107,56642.3754926001,55754.72
"1",54752.4689285715,56573.1902241095,56951.8991357513,56872.38
"1",56818.4025,58258.5508544221,58912.6647716241,58913
"1",58197.9432142857,57660.4218952904,58174.9420331148,57665.9
"1",58051.6464285715,57301.790700485,57728.5533846398,57411.17
"1",55497.4196428572,54991.7697140759,54831.9013668156,54204.96
"1",57480.52,54436.4919196164,54478.1280739672,54477.46
"1",58973.7346428572,52819.231564275,52779.071988774,52508.23
"1",57922.4807142858,50825.8284049818,51499.4793942827,51415.92
"1",57549.0000000001,54648.5649567453,55410.9143146947,55783.71
"1",54888.5507142858,57989.2673180747,57784.2855250787,57627.67
"1",53776.0067857143,58941.4011152256,59029.7419323398,58730.13
"1",51426.3303571429,58765.3951260755,59173.0822267841,58735.25
"1",51809.1278571429,59101.7672113553,59358.4300451794,59054.1
"1",55844.0157142858,57891.3913442983,58416.2816449888,58020.46
"1",57556.1289285714,55766.1528129686,56363.9683223254,55947.27
"1",59058.2985714286,58379.4895156548,58005.6152394626,58048.59
"1",59441.3360714286,59546.2656369648,60040.107967628,59964.87
"1",58851.5603571429,59534.7603487636,60190.1721230046,59834.74
"1",57474.8439285715,63827.9208197243,63482.1351684618,63554.44
"1",56004.6285714286,63068.1422569491,63378.9196894885,62969.12
"1",57908.3632142857,63223.9136045557,63568.8314515153,63252.63
"1",58743.7407142858,56006.1141623606,57358.3513969282,56251.48
"1",60483.3371428572,55112.0981974695,55818.2247076205,55703.14
"1",64495.8067857143,56551.985937793,56531.0088310312,56507.91
"1",63809.055,53653.9204277434,54245.6510953573,53808.8
"1",61743.2464285714,51689.6941415138,52015.6629058254,51731.71
"1",56139.5967857143,48622.4203582544,49326.3114985016,49075.58
"1",57062.8482142858,54294.1182196181,53674.6771404033,54056.64
"1",56810.8310714286,54810.1298624876,55273.9521963977,55071.46
"1",53085.6839285715,54829.0228906838,55268.6167381879,54884.1
"1",50261.5664285714,53589.5522498157,53980.4278045239,53584.15
"1",50235.6871428572,57192.9673737067,57055.9283227889,57213.33
"1",54024.8010714286,53627.2439046044,54001.9752269493,53241.72
"1",55158.6317857143,56236.5141360509,57190.5239261668,57473.23
"1",54588.9128571429,57023.829060245,56824.2381259365,56428.16
"1",54393.5789285715,57737.7656805506,58341.065778077,58280.73
"1",55792.0621428572,56654.3159470149,56484.1371625941,55883.5
"1",53974.8289285715,56307.3668853285,56898.3617046855,56750
"1",56534.8214285715,51219.7695485119,50270.2189778825,49007.09
"1",57052.1353571429,47722.3568151639,49610.0721874154,49702.27
"1",58485.6442857143,47375.4911096763,46773.5972663276,46441.64
"1",56740.1864285714,43034.8955341638,43804.7972848508,43596.24
"1",55660.5392857143,42082.8489765738,42756.3072798915,42912.19
"1",49366.2421428572,37291.830317815,37192.6505096534,36964.27
"1",50033.5128571429,37822.4889452423,39948.8538295698,40784.32
"1",46234.9092857143,38298.063767995,35351.4270355248,34754.54
"1",44203.8607142857,34495.9912602793,37893.9633830486,38728.59
"1",42131.6560714286,40384.337666883,38523.7108402217,38410.5
"1",38031.7625,38917.7911267141,39414.0087379498,39266.04
"1",39097.3560714286,39061.887630132,38901.4810423884,38445.29
"1",35265.8328571429,37154.9480109736,37710.1985181783,37310.54
"1",38597.4003571429,36228.5171530366,36841.7765139437,36662.64
"1",38941.4821428572,37078.3456725164,37483.0768009899,37585.24
"1",39545.9292857143,39358.5332988139,39139.7490036473,39188.59
"1",37842.0825,37281.0412627049,36602.8249800746,35816.17
"1",36587.4257142857,32337.2358167223,33901.1184104912,33514.87
"1",37073.1842857143,32344.9635312845,33270.4512318495,33450.19
"1",39098.6735714286,36439.4371290764,36722.7079387821,37338.36
"1",38856.4632142857,37891.6044935996,37076.338664218,36704.57
"1",35112.1089285714,38356.2873421383,39159.1427300189,39066.82
"1",33194.7278571429,40767.861383347,40786.0330713331,40525.8
"1",33861.4503571429,40530.3727847721,40784.5880635849,40188.56
"1",36479.6121428572,39161.3306635132,38818.8264693883,38324.87
"1",36938.6342857143,38239.0010020543,38227.5847209078,38068.04
"1",39376.5182142857,36319.5242135361,35995.7344804165,35592.35
"1",40350.0314285715,31032.2104429698,32044.510537808,31686.55
"1",40327.6582142857,33342.8623393431,32070.804170354,32447.59
"1",39322.1207142857,33760.6721517123,33525.6091150736,33674.66
"1",38178.5667857143,34609.5818916985,34712.8154956122,34639.38
"1",34611.4132142857,34447.5700437849,34913.4777049706,34644.45
"1",31489.2178571429,34416.8145029474,34725.6983625431,34456.67
"1",32677.2071428572,36170.9145089369,35911.2070665423,35847.7
"1",33787.2821428571,34657.7602767113,35426.6946248242,35047.36
"1",34306.5553571429,33210.1227510536,33978.9309469775,33536.88
"1",34716.4357142857,35782.9334147915,35194.6677834295,35309.3
"1",34867.9,33779.7842810119,34134.7444430807,33747.97
"1",35716.9735714286,34117.8837371609,34309.5556311312,34211.01
"1",34707.6217857143,33734.3681706355,34072.2848817724,33839.04
"1",33907.2503571429,32743.8125100623,33194.4290636337,32877.41
"1",35162.1485714286,34415.6012405354,34228.477072855,34227.64
"1",33906.5925,33116.1038434334,33477.10426871,33158.25
"1",34038.5342857143,32686.0554348598,32835.1395677403,32686.56
"1",33640.92,32887.2418700445,32957.4431247144,32814.61
"1",33223.3889285715,31779.7395792854,32014.8413737951,31738.59
"1",34090.5796428572,32182.8408368202,31847.7714037288,31783.49
"1",33105.7778571429,31158.095145513,30950.6321970453,30815.94
"1",32746.8325,30360.8270312921,30031.4011031529,29790.24
"1",33003.68,30890.6184948852,31775.7217745511,32118.06
"1",32050.6253571429,31409.3200806646,32448.3441910099,32297.89
"1",31753.3364285714,34420.8423604154,35353.4719876446,35365.2
"1",30483.7871428572,37992.0025308024,37618.6819816291,37318.14
"1",29965.7389285715,40502.5260236213,39755.1393092992,39405.95
"1",31496.9132142857,41103.7308732506,40474.0186089129,40002.53
"1",32268.7382142857,40258.1886107808,40341.3203722206,40005.93
"1",35329.8689285715,40001.0148551184,40347.3691656351,40000.46
"1",37518.8389285715,39062.6796291787,39317.5339389684,39193.94
"1",39399.6414285715,37641.8032659184,38418.8936848335,38138
"1",40291.865,39517.5424661591,39509.4923283612,39750.14
"1",40392.2896428572,41561.0189889628,40867.3430344473,40882
"1",40091.3535714286,45110.4639843955,43906.4356533865,43816.14
"1",38883.0921428572,48293.7237121079,46673.1765871414,46333.46
"1",37767.3367857143,45910.5281920988,46282.4684999208,45608.37
"1",39173.8089285715,45479.822317342,46016.6835588238,45611.46
"1",41022.0264285715,44011.7399874297,44832.1273569574,44417.78
"1",44651.5146428572,47468.1800938987,46958.6703131801,47056.41
"1",46259.0075,46894.5803398524,46488.0681007934,45982.55
"1",45259.5739285715,44049.5443726867,45049.2598555142,44648.57
"1",45188.6167857143,44682.5730109201,44870.4161977588,44777.86
"1",45442.5971428572,47458.8463237967,46732.1006458581,46734.65
"1",47315.4296428572,50183.8445712577,49444.3124455906,49335.68
"1",45466.4514285715,49346.3561433325,49769.3840657553,49523.5
"1",43829.9417857143,47213.1007642181,48225.299367132,47744.58
"1",44860.3985714286,49494.394517238,49077.8847827998,48972.09
"1",47211.1385714286,46649.8560313885,47380.6062009758,46962.8
"1",49459.9889285715,47154.9700671971,47249.8088306553,47074.77
"1",49326.2078571429,47162.2006365622,47044.9443789518,47155.87
"1",48417.705,49091.1863920487,48882.6314167114,48862.76
"1",48635.6621428572,49241.5432751415,49582.0307047737,49329.01
"1",46988.8014285715,51938.2016725403,51894.7452457392,51769.06
"1",46876.1257142857,52674.0801295132,53027.7244426568,52677.4
"1",46416.7471428572,47243.9308872077,47836.872207113,46809.17
"1",48389.3785714286,48032.948538942,46251.0795818332,46078.38
"1",50504.3935714286,46533.9805023892,46401.5375694367,46368.69
