"","GoldLMean","GoldAMean","",""
"1",1325.17857142857,0,0,1308.35
"1",1326.9625,0,0,1314.85
"1",1325.1125,0,0,1313.8
"1",1320.53392857143,0,0,1326.1
"1",1310.97678571429,0,0,1339.1
"1",1307.85535714286,0,0,1338.65
"1",1311.24642857143,0,0,1340.5
"1",1312.75714285714,0,0,1327
"1",1327.73928571429,0,0,1322.5
"1",1340.2125,0,0,1318.1
"1",1342.02321428572,0,0,1322.5
"1",1338.375,0,0,1313.3
"1",1322.98214285714,0,0,1283.3
"1",1320.91071428571,0,0,1269.4
"1",1322.88928571429,0,0,1254.5
"1",1327.58392857143,1260.64562682234,0,1258.75
"1",1312.1375,1259.87191374281,0,1259.5
"1",1281.69107142857,1250.76822012368,0,1253.45
"1",1266.35178571429,1257.81694108177,0,1256.5
"1",1256.50357142857,1263.05329023465,0,1261.05
"1",1258.31607142857,1247.93015137877,0,1251.75
"1",1257.66071428572,1256.0298354853,0,1254.8
"1",1255.0375,1259.71057352627,0,1258.2
"1",1259.36785714286,1273.43161630062,0,1269.05
"1",1258.74642857143,1273.0207574896,0,1271.65
"1",1249.65892857143,1263.73572133215,0,1266.05
"1",1253.43214285714,1265.43054580829,0,1265.55
"1",1260.97857142857,1271.1148251235,0,1269.4
"1",1270.50357142857,1270.81860502049,0,1270.5
"1",1269.71607142857,1264.13433585622,0,1266.25
"1",1265.97678571429,1275.14894009222,0,1273
"1",1266.58035714286,1272.73935012873,0,1272
"1",1271.00178571429,1289.97566313621,0,1288.45
"1",1270.55892857143,1304.52807787155,0,1303.75
"1",1264.95357142857,1297.98221788792,0,1301
"1",1268.47857142857,1303.24558968382,0,1302.8
"1",1271.02857142857,1280.88224877316,0,1283.05
"1",1291.24285714286,1281.74616268699,0,1282.35
"1",1305.72142857143,1281.28013714847,0,1281.4
"1",1302.75357142857,1265.56043092035,0,1267.5
"1",1296.18214285714,1222.82330907165,0,1236.45
"1",1282.59821428572,1200.05067458338,0,1213.6
"1",1290.03214285714,1238.91024419367,0,1226.95
"1",1286.85892857143,1228.35603076151,0,1229.2
"1",1263.05,1225.49605723826,0,1226.75
"1",1228.45357142857,1205.06265515855,0,1211
"1",1216.36071428571,1217.51759764846,0,1214.25
"1",1229.7375,1211.25073202729,0,1212.25
"1",1227.66607142857,1175.78238709225,0,1185.35
"1",1223.83928571429,1189.7462065652,0,1186.1
"1",1215.88035714286,1188.08553716217,0,1187.7
"1",1217.55357142857,1186.54260228646,0,1187
"1",1207.0625,1186.51185745519,0,1186.55
"1",1184.45,1175.70681538264,0,1178.1
"1",1184.80892857143,1157.84811143797,0,1161.85
"1",1190.09464285714,1180.72532809034,0,1173.5
"1",1189.2375,1158.29870048697,0,1162.2
"1",1186.80178571429,1174.96812906323,0,1172.5
"1",1175.7,1177.82099394203,0,1177.65
"1",1163.36607142857,1169.68619918459,0,1171.05
"1",1168.47678571429,1166.30407002028,0,1163.6
"1",1163.44285714286,1156.99945307967,0,1156.1
"1",1175.68928571429,1158.6001313526,0,1158.55
"1",1179.00357142857,1161.82433279043,0,1162.25
"1",1166.65892857143,1133.54408330207,0,1126.95
"1",1161.88035714286,1134.39304561677,0,1131.6
"1",1161.55,1134.92830799629,0,1136.25
"1",1162.45892857143,1127.67989122592,0,1125.7
"1",1155.46964285714,1132.92855401305,0,1133.65
"1",1128.37678571429,1130.93937215059,0,1131.35
"1",1132.80178571429,1131.65012261228,0,1131.35
"1",1133.90714285714,1133.68851246768,0,1134.6
"1",1128.65892857143,1141.98520953784,0,1145.9
"1",1132.775,1144.45069257131,0,1145.9
"1",1129.81785714286,1149.60625953591,0,1151
"1",1131.73571428572,1160.82958017896,0,1164.25
"1",1137.22321428572,1174.87205019335,0,1176.7
"1",1143.1875,1174.98580120653,0,1175.85
"1",1143.42321428572,1178.44000417109,0,1178.5
"1",1152.8875,1188.78496513797,0,1189.5
"1",1165.04285714286,1179.08496640037,0,1178.55
"1",1177.4375,1198.70765502492,0,1205.05
"1",1174.74107142857,1200.15860668732,0,1190.35
"1",1179.59821428571,1194.81965376536,0,1203
"1",1187.25714285714,1216.63923109027,0,1216.05
"1",1183.43571428572,1218.68477518535,0,1214.75
"1",1196.75,1200.50896018962,0,1196.05
"1",1191.4125,1197.02267715789,0,1200.55
"1",1209.50535714286,1210.26990924851,0,1212.85
"1",1218.26964285714,1216.62706237988,0,1216.8
"1",1206.675,1199.92391900399,0,1195
"1",1193.96428571429,1192.22800602895,0,1189.7
"1",1204.77678571429,1185.84798064879,0,1184.85
"1",1218.27857142857,1191.60320637643,0,1192.8
"1",1216.5,1208.1350582197,0,1212.8
"1",1192.63035714286,1203.08892917419,0,1203.65
"1",1186.80178571429,1216.95060373157,0,1221.95
"1",1183.99642857143,1216.22065833888,0,1215.2
"1",1196.30178571429,1222.91328857018,0,1226.75
"1",1209.97142857143,1228.92890360565,0,1231
"1",1207.42142857143,1239.37354357541,0,1242.1
"1",1217.91964285714,1235.92617091936,0,1236.8
"1",1214.15892857143,1229.30561174483,0,1228.3
"1",1226.03214285714,1223.59251416282,0,1222.25
"1",1235.86428571429,1230.03764000908,0,1230.75
"1",1242.55178571429,1225.26365187306,0,1224.4
"1",1236.6625,1237.4723797866,0,1240.55
"1",1227.0625,1243.88205411131,0,1241.95
"1",1221.86964285714,1238.31634062561,0,1237.3
"1",1226.66964285714,1232.42317577452,0,1233.2
"1",1228.11785714286,1235.23753436846,0,1236.65
"1",1243.25535714286,1246.385694062,0,1247.9
"1",1241.82857142857,1257.06412006971,0,1253.65
"1",1234.84821428571,1258.64279924343,0,1257.2
"1",1231.21607142857,1256.67501842835,0,1255.6
"1",1235.70178571429,1241.59807250249,0,1240.4
"1",1248.40178571429,1238.56920489452,0,1238.1
"1",1255.44107142857,1224.83829445466,0,1226.5
"1",1259.89107142857,1230.79124039499,0,1230.95
"1",1253.33928571429,1218.29689548315,0,1216.65
"1",1240.2125,1205.08819443079,0,1209.2
"1",1237.15178571429,1204.79233183111,0,1206.55
"1",1229.98392857143,1201.82006820201,0,1202.65
"1",1230.00535714286,1203.20420236705,0,1204.2
"1",1216.29821428571,1204.91878253377,0,1204.6
"1",1208.44107142857,1197.65832684734,0,1198.8
"1",1208.84821428571,1227.07641630199,0,1229.35
"1",1203.725,1238.01507855892,0,1229.6
"1",1201.03571428572,1232.48586233608,0,1232.4
"1",1200.15,1242.60450507121,0,1241.6
"1",1204.61785714286,1251.71182590059,0,1249.05
"1",1227.51428571429,1249.01913209449,0,1247.5
"1",1227.72142857143,1247.18053030123,0,1247.5
"1",1234.27678571429,1257.63355134056,0,1257.55
"1",1243.11964285714,1259.78744151597,0,1257.25
"1",1246.67857142857,1251.19683400129,0,1251.1
"1",1245.86071428572,1248.09633785365,0,1248.8
"1",1249.79285714286,1244.74283352885,0,1244.85
"1",1258.96071428572,1247.06982831885,0,1247.25
"1",1258.15892857143,1257.4919635702,0,1257.65
"1",1249.64107142857,1246.8464992855,0,1245.8
"1",1246.98392857143,1251.37430131577,0,1252.5
"1",1246.98035714286,1264.2959430018,0,1266.45
"1",1248.08571428572,1251.58295615982,0,1250.05
"1",1252.88928571429,1256.34481394299,0,1252.9
"1",1249.63928571429,1266.9542114342,0,1274.3
"1",1257.98214285714,1272.91985639762,0,1284.15
"1",1259.5,1274.69994127131,0,1278.95
"1",1246.10535714286,1281.41329476837,0,1279.05
"1",1256.38392857143,1281.66647606871,0,1282.1
"1",1276.76071428571,1280.48506078199,0,1281.85
"1",1281.4375,1271.02672653763,0,1269.4
"1",1278.39642857143,1274.0614560283,0,1267.8
"1",1280.77142857143,1262.93343703693,0,1261.85
"1",1284.16428571429,1264.96793030616,0,1262.8
"1",1281.09642857143,1265.70356048508,0,1266.45
"1",1268.65,1255.36759826272,0,1255.45
"1",1265.52857142857,1255.3742939173,0,1250.3
"1",1260.72857142857,1229.72287904626,0,1228.45
"1",1265.71607142857,1234.41159876679,0,1228.05
"1",1268.53035714286,1230.07386778341,0,1229.8
"1",1256.70178571429,1219.36208497165,0,1220.4
"1",1246.47857142857,1225.58366729448,0,1222.95
"1",1229.49285714286,1223.26073377045,0,1223.15
"1",1230.20892857143,1233.24971640299,0,1231.25
"1",1227.94821428571,1234.90905748598,0,1233.3
"1",1219.76607142857,1234.65245775983,0,1234.2
"1",1224.02142857143,1260.38503966144,0,1257.4
"1",1224.01428571429,1261.01032598507,0,1255.9
"1",1227.75535714286,1251.50927180108,0,1252
"1",1231.09464285714,1258.7803754735,0,1258.85
"1",1239.25892857143,1260.83301892673,0,1260.2
"1",1255.89107142857,1252.22807915392,0,1252.55
"1",1254.50357142857,1256.58092572588,0,1256.95
"1",1254.99107142857,1265.60756939382,0,1265.05
"1",1259.30357142857,1262.84315428899,0,1262.7
"1",1257.42321428572,1266.60634413085,0,1266.2
"1",1252.36964285714,1264.45144876988,0,1264.85
"1",1259.31428571429,1273.9580622138,0,1274.95
"1",1264.85892857143,1278.70909513091,0,1279.95
"1",1263.52678571429,1294.1772031076,0,1293.5
"1",1263.53392857143,1291.36573146784,0,1291
"1",1262.08571428572,1272.46874808062,0,1273.1
"1",1273.5625,1268.87653197194,0,1266.55
"1",1285.26785714286,1267.39653858417,0,1266.4
"1",1296.075,1261.43438997191,0,1262
"1",1290.20714285714,1278.40509552187,0,1275.5
"1",1270.33571428571,1256.79804945436,0,1254.55
"1",1265.31428571429,1256.17193342313,0,1255.4
"1",1265.90178571429,1248.90474170904,0,1248.15
"1",1266.64464285714,1241.87599472208,0,1242.2
"1",1272.70535714286,1241.89945547388,0,1242.5
"1",1257.47678571429,1250.46155648057,0,1250.8
"1",1255.4375,1256.45686887006,0,1255.7
"1",1244.73928571429,1246.16760598416,0,1245.25
"1",1240.82857142857,1248.6736227769,0,1249.55
"1",1244.60892857143,1248.28611861614,0,1248
"1",1252.07142857143,1243.80518594715,0,1243.5
"1",1253.30714285714,1242.72567027911,0,1242.25
"1",1245.48928571429,1231.39670990288,0,1229.25
"1",1249.50535714286,1221.40425239382,0,1223.75
"1",1248.8625,1219.46230148181,0,1220.3
"1",1246.4125,1223.51744262278,0,1224.9
"1",1240.21607142857,1218.32810817164,0,1215.65
"1",1227.70178571429,1211.08800061952,0,1211.9
"1",1223.70714285714,1210.47159283345,0,1211.05
"1",1223.80892857143,1219.10434596409,0,1218.8
"1",1223.91607142857,1218.32998893776,0,1218.9
"1",1215.21607142857,1231.47209388084,0,1230.3
"1",1211.03392857143,1235.21648334705,0,1234.1
"1",1211.50357142857,1242.25490746926,0,1240.75
"1",1216.79642857143,1243.80899798339,0,1242.15
"1",1219.07321428572,1239.08583403111,0,1238.7
"1",1230.88392857143,1247.77670150965,0,1248.55
"1",1236.33035714286,1259.38277215869,0,1255.55
"1",1239.9625,1255.7150046135,0,1254.4
"1",1238.45178571429,1246.6061442991,0,1248.1
"1",1241.01607142857,1261.85435722053,0,1261.1
"1",1251.27142857143,1266.49430226994,0,1264.9
"1",1254.67142857143,1267.98299737096,0,1267.55
"1",1251.23928571429,1271.45960168755,0,1270.95
"1",1249.35535714286,1269.63882671342,0,1269.6
"1",1260.75357142857,1267.7673588235,0,1268.1
"1",1263.96607142857,1256.12234904375,0,1257.7
"1",1268.59642857143,1256.75483676761,0,1258
"1",1272.81607142857,1262.33133770927,0,1261.8
"1",1271.76607142857,1272.58224998,0,1271.05
"1",1267.0875,1289.0290317393,0,1284.4
"1",1256.07142857143,1284.63123454599,0,1286.1
"1",1255.04285714286,1280.83470310987,0,1282.3
"1",1260.01607142857,1266.93423224076,0,1270.3
"1",1273.99642857143,1276.64076242673,0,1272.75
"1",1288.28928571429,1289.29022484863,0,1285.15
"1",1287.92678571429,1296.20884671098,0,1295.8
"1",1277.725,1288.1052535788,0,1292.9
"1",1266.5125,1281.14419455117,0,1284.2
"1",1274.11964285714,1292.78112198164,0,1286.65
"1",1288.96071428571,1289.08092466093,0,1289
"1",1295.77857142857,1281.99455780009,0,1285.3
"1",1294.23392857143,1330.65513844221,0,1318.65
"1",1283.74285714286,1303.07387033054,0,1308.5
"1",1283.18214285714,1312.10316888879,0,1311.75
"1",1285.95178571429,1319.43770526507,0,1320.4
"1",1293.60178571429,1332.39750412566,0,1333.1
"1",1315.4,1334.96307134527,0,1335.55
"1",1306.27678571429,1337.66931452534,1337.78836774906,1337.85
"1",1311.73571428571,1342.94636519506,1344.02410563211,1343.5
"1",1322.28392857143,1345.84241855299,1347.04304116609,1346.25
"1",1331.11071428571,1335.08563773405,1334.63577997693,1334.2
"1",1333.93571428571,1327.82032765381,1326.72164391145,1326.5
"1",1340.3,1327.49597084583,1327.61590254167,1327.55
"1",1346.49107142857,1324.75212141828,1325.00808978179,1324.55
"1",1344.86607142857,1323.08057321987,1323.02930447438,1322.85
"1",1331.95178571429,1313.09206390059,1312.32189414048,1312.1
"1",1327.09107142857,1309.01555149749,1309.05868658087,1309.6
"1",1328.975,1310.94945978303,1310.82976706226,1311.3
"1",1324.08214285714,1294.36396089722,1292.05709891535,1292.1
"1",1321.33392857143,1291.5941220798,1293.82196784273,1294.8
"1",1313.99285714286,1293.90413862786,1293.1997274714,1293.3
"1",1312.98392857143,1301.0160703159,1300.13119797161,1300.05
"1",1305.825,1282.77788473999,1283.09399307262,1282.55
"1",1291.91785714286,1280.78295252573,1283.16401398726,1283.35
"1",1296.04107142857,1283.1881314498,1283.36258136753,1283.1
"1",1295.88392857143,1274.42369576395,1274.21637103726,1273.7
"1",1296.58392857143,1270.88608563476,1271.2002841947,1271.25
"1",1284.39285714286,1273.95164498252,1274.21215045592,1274.25
"1",1285.025,1274.73445225916,1274.78138887204,1274.5
"1",1279.98214285714,1262.68409047599,1262.94319329845,1261.8
"1",1274.61428571429,1272.83735308896,1277.84921972615,1278.75
"1",1274.91964285714,1287.78940641803,1291.74742617053,1291.4
"1",1273.45714285714,1288.42383731486,1290.55262218226,1289.25
"1",1268.11071428571,1290.3308252347,1291.02775744546,1290.25
"1",1264.32857142857,1297.97642747859,1299.79485140221,1299.6
"1",1281.56964285714,1301.77353349699,1303.77603580923,1303.3
"1",1287.55,1287.37436152369,1286.40010891351,1284.75
"1",1287.07678571429,1286.26698674003,1280.29774482477,1280.2
"1",1294.70535714286,1287.21798077374,1286.42885581085,1286.4
"1",1303.00357142857,1279.8309435464,1281.89945260764,1281.2
"1",1299.07678571429,1277.59235846927,1275.38869128077,1274.9
"1",1283.96071428571,1279.10937064167,1276.59393722935,1276.45
"1",1282.79464285714,1274.34341712939,1275.45229478419,1275
"1",1286.01607142857,1274.37983205325,1274.18972853942,1273.75
"1",1279.27857142857,1266.95295220057,1266.9422652336,1266.45
"1",1276.15714285714,1274.84900765013,1271.44258686096,1272
"1",1277.21428571429,1268.05421033676,1270.15445913481,1270.15
"1",1275.76607142857,1277.29573462102,1276.84310002109,1277.05
"1",1272.14821428571,1275.87640591164,1279.56838589737,1279.2
"1",1265.43392857143,1264.63886906904,1268.45027662522,1267.2
"1",1270.77321428571,1275.52279265141,1270.77118570958,1270.9
"1",1273.29285714286,1273.33084486437,1275.65097181701,1275.6
"1",1279.51964285714,1281.42686023226,1283.95836283463,1284
"1",1275.94285714286,1281.23888062927,1285.5312705375,1284.8
"1",1265.93571428572,1284.08041300954,1284.97082630523,1284.3
"1",1269.74464285714,1278.38496687559,1279.12360407988,1277.95
"1",1276.69821428572,1275.92269928886,1275.21458257416,1274.6
"1",1285.93571428571,1282.26262895106,1281.99034994758,1282.2
"1",1285.86071428572,1278.70710624662,1280.66332860229,1280
"1",1283.025,1283.85838060079,1284.48171432071,1284.35
"1",1276.77857142857,1285.34562095261,1286.57450120277,1286.2
"1",1275.33928571429,1283.44034298001,1284.204021867,1283.3
"1",1281.3125,1286.84019696329,1287.10452770456,1286.95
"1",1281.29107142857,1289.10172622914,1290.65274052412,1290.35
"1",1284.58928571429,1289.82756786947,1291.02527903881,1290.5
"1",1285.14642857143,1294.58895791495,1295.55059046356,1294.9
"1",1283.11785714286,1290.96845344743,1292.87565897237,1291.85
"1",1286.05,1284.81821969528,1285.19887837301,1283.85
"1",1289.79285714286,1281.42738083553,1281.20047536457,1280.2
"1",1292.36071428571,1274.2265198233,1276.43830667073,1275.5
"1",1295.8,1273.05991588284,1273.97072534746,1273.45
"1",1290.84821428572,1264.77489841522,1267.04594418295,1266.3
"1",1283.88392857143,1262.52821630613,1264.43032716975,1263.7
"1",1279.74285714286,1252.53607349218,1256.03090338257,1255
"1",1276.06071428571,1247.09906588049,1251.13220255323,1250.65
"1",1273.4125,1244.55944950429,1248.107845934,1247.15
"1",1267.03035714286,1237.83270443155,1241.81686479674,1240.9
"1",1263.45535714286,1241.04214544486,1242.67139710653,1242.65
"1",1256.51071428572,1255.07515606515,1251.3724833458,1251
"1",1251.05357142857,1257.34565297526,1255.33878532072,1254.6
"1",1245.23392857143,1263.88741140546,1261.39046070895,1260.6
"1",1239.47857142857,1261.37313667365,1261.07726449646,1260.35
"1",1243.21964285714,1266.07079486189,1265.3143826696,1264.55
"1",1250.82142857143,1265.55054262297,1265.51520620216,1264.55
"1",1255.10714285714,1264.55,1265.24782964335,1264.55
"1",1261.54642857143,1284.51288490746,1279.40411637892,1279.4
"1",1262.34285714286,1300.56666270006,1291.2921429785,1291
"1",1262.42857142857,1291.18537381733,1292.17699793608,1291
"1",1263.02678571429,1317.46517267913,1311.80744350918,1312.05
"1",1265.85,1324.44622895483,1315.87888081781,1314.9
"1",1278.42142857143,1315.07517420269,1315.87127923405,1314.5
"1",1287.86964285714,1317.75311674438,1318.01548653544,1317.15
"1",1294.70892857143,1321.25748804429,1320.51708023868,1319.95
"1",1311.27857142857,1309.46231758145,1312.02420654698,1311
"1",1314.9875,1318.98080315,1320.26990240021,1319.75
"1",1316.20535714286,1325.14180108656,1324.11274769497,1323.05
"1",1318.08035714286,1328.20507394953,1327.3532867625,1326.8
"1",1317.96428571429,1342.56970503452,1340.06186352291,1339.25
"1",1310.97678571429,1336.28551351,1334.85997137466,1333.85
"1",1318.21785714286,1334.54370480029,1336.4823555686,1335.65
"1",1322.34285714286,1332.32947080455,1332.99665870873,1332.2
"1",1329.83214285714,1334.36127171165,1335.66032821164,1334.95
"1",1338.26964285714,1333.08192430986,1333.17626488969,1332.6
"1",1334.35714285714,1332.78543106143,1333.67615536275,1333.4
"1",1337.15178571429,1356.60322348761,1354.31631728414,1353.7
"1",1333.04642857143,1360.54450780811,1356.18043591522,1354.95
"1",1331.32321428572,1353.16063906385,1354.28289787745,1353.15
"1",1328.66785714286,1343.84086791854,1344.99599838997,1343.85
"1",1337.21607142857,1344.96014393141,1344.88070643547,1344.9
"1",1355.525,1345.01610783006,1345.70604753845,1345.05
"1",1355.41071428572,1341.59851816204,1342.09992969604,1341.35
"1",1350.225,1331.49766077731,1332.1616032378,1331.15
"1",1344.80714285714,1333.88237807868,1333.59064387249,1333.6
"1",1346.67678571429,1331.35318835803,1331.97287473247,1331.4
"1",1344.77321428572,1324.52401740662,1325.35571901774,1324.65
"1",1338.50714285714,1315.13382771806,1316.10930175797,1315.45
"1",1332.72142857143,1314.32955968966,1313.72380347247,1314.1
"1",1336.36428571429,1323.66323883989,1322.94033567195,1322.3
"1",1332.02857142857,1324.33911308907,1326.1692403605,1325.35
"1",1323.19642857143,1338.22284909753,1337.17280019876,1336.25
"1",1315.3375,1357.3863548421,1354.3086111868,1352.45
"1",1313.53392857143,1349.81454722062,1353.6594492333,1352.1
"1",1318.38392857143,1344.79375850741,1347.42800305487,1346.6
"1",1324.30892857143,1337.7080186006,1340.30961253072,1339.85
"1",1338.97678571429,1326.79627533069,1330.54568731333,1330.5
"1",1353.90714285714,1329.02053025184,1327.88065751994,1328.35
"1",1353.375,1328.16545970018,1328.24503695677,1327.95
"1",1347.63214285714,1336.82995343575,1334.10131121295,1333.5
"1",1337.71428571429,1320.95886748985,1326.36490051159,1325.75
"1",1328.53392857143,1315.28276844188,1317.92467322632,1317.85
"1",1327.51071428571,1303.16244139502,1307.64061944432,1307.75
"1",1332.73571428571,1332.76898826733,1322.97122762107,1322.3
"1",1334.48392857143,1318.21721954922,1321.16014814717,1320.4
"1",1324.88214285714,1333.92599933249,1332.15633551653,1331.4
"1",1314.025,1329.87767014763,1330.63390275802,1329.4
"1",1308.14821428571,1319.43714908069,1322.014681325,1321
"1",1320.63214285714,1320.01877962128,1320.98869595516,1320.6
"1",1323.69464285714,1318.89211224342,1320.04993488031,1319.15
"1",1332.68571428571,1323.35277839855,1323.31408306743,1322.75
"1",1328.25,1323.54107241644,1324.20749847134,1323.55
"1",1320.10714285714,1318.73017764034,1319.51447942302,1318.75
"1",1318.78571428572,1309.22679107814,1310.586392077,1310.1
"1",1320.61071428572,1312.45394995586,1312.33149846036,1312.4
"1",1324.66428571429,1311.07658251259,1311.75629918338,1311
"1",1324.70892857143,1320.07660362379,1322.63559509669,1321.35
"1",1317.9125,1329.10932685959,1330.17643066129,1329.15
"1",1311.10178571429,1350.07325649299,1347.96638553895,1346.6
"1",1310.17857142857,1358.30861883051,1354.11698736429,1352.4
"1",1308.06785714286,1340.19920656323,1342.1385521591,1341.45
"1",1318.45714285714,1330.84369226171,1332.80117113382,1332.45
"1",1332.08035714286,1320.70594326308,1323.91347888929,1323.85
"1",1351.51428571429,1339.40357338113,1334.01678237518,1333.45
"1",1353.37142857143,1336.31259695212,1338.34031123823,1337.3
"1",1338.67142857143,1322.55286610846,1327.39510684536,1327.7
"1",1329.36785714286,1334.50716369048,1331.58356706409,1331.2
"1",1326.46607142857,1331.47509667439,1332.67961781511,1331.95
"1",1335.75892857143,1341.11831157683,1340.03045696744,1338.95
"1",1336.24285714286,1354.04060866649,1352.06654909467,1350.75
"1",1326.21071428572,1336.05660772229,1342.24250438856,1341.35
"1",1328.9,1345.4886945046,1343.99225512716,1343.7
"1",1333.4625,1350.20121763047,1350.14758310291,1349.35
"1",1341.2875,1339.64513258447,1342.43357623222,1342.1
"1",1348.93035714286,1353.81865899821,1352.31742369056,1351.45
"1",1341.69285714286,1347.28258722169,1349.26711956962,1348.6
"1",1343.13928571429,1337.10943075208,1337.12757844999,1336.75
"1",1345.79285714286,1328.14586685672,1323.72782107277,1324.3
"1",1346.35714285714,1332.08032119061,1329.07151818207,1328.85
"1",1353.64107142857,1321.19491499844,1321.76377352775,1321.65
"1",1347.51071428571,1322.61753375311,1320.9369895506,1320.7
"1",1334.99107142857,1321.52180368292,1321.47555134576,1321.5
"1",1325.3875,1314.14193748082,1313.41634206651,1313.2
"1",1326.93214285714,1308.13110247393,1307.08903813276,1307.1
"1",1322.24107142857,1304.50894414507,1304.31564903223,1304.2
"1",1324.0625,1314.89524073537,1315.64252200351,1315.05
"1",1320.69821428572,1308.82554462083,1309.84603325502,1309.4
"1",1310.675,1307.81966490027,1306.95837264895,1306.6
"1",1306.61607142857,1312.71136394132,1314.26632148768,1313.85
"1",1307.875,1317.25121392244,1319.67462709631,1318.8
"1",1314,1324.035355964,1325.50113117465,1324.35
"1",1306.675,1319.6074347625,1319.9464113059,1319.85
"1",1303.73214285714,1292.49495907672,1293.58930333096,1295
"1",1314.18214285714,1298.83462924196,1290.25443618552,1291.25
"1",1323.79642857143,1289.55565492123,1289.21772553739,1289.5
"1",1327.50357142857,1288.26713646457,1288.400864335,1288.3
"1",1316.20357142857,1288.46413027332,1288.87164235389,1288.35
"1",1295.25535714286,1294.01521722011,1293.62973709111,1293.05
"1",1290.66785714286,1287.16989237525,1289.18699654581,1289
"1",1290.30535714286,1307.41240385778,1306.00334816459,1304.85
"1",1288.07142857143,1301.84429400106,1304.31886890635,1303.5
"1",1286.64642857143,1294.86422642653,1295.62494369323,1295.5
"1",1290.8125,1302.38703048033,1301.32064365414,1300.7
"1",1293.66428571429,1304.6336235591,1306.28953651787,1305.35
"1",1303.85714285714,1293.04151337654,1294.96148726559,1294.6
"1",1300.75535714286,1297.69060162243,1295.48246427757,1295.45
"1",1296.93571428571,1291.75602286983,1292.39132031013,1292.05
"1",1303.80714285714,1300.86428858792,1300.03964537563,1300.1
"1",1303.48928571429,1296.10229621899,1297.72192497341,1297.25
"1",1294.19464285714,1298.55784937185,1298.39382901464,1298.25
"1",1294.24464285714,1299.54567305959,1299.77644067023,1299.6
"1",1293.65,1298.68841739126,1299.02931641684,1298.65
"1",1298.9875,1297.53981426836,1296.29458051203,1296.15
"1",1298.07857142857,1300.32056847867,1302.65611425839,1302.75
"1",1297.10892857143,1294.19277005713,1285.41086746545,1285.25
"1",1298.44821428571,1288.44357286354,1281.70536756199,1281.55
"1",1299.18214285714,1277.94049577674,1276.0237843925,1276.15
"1",1300.14821428572,1275.41844872282,1274.49463097069,1274.2
"1",1300.0625,1268.0591766476,1265.89582303361,1266.15
"1",1285.96071428572,1267.73138625241,1269.31294658494,1269.15
"1",1281.96607142857,1269.1433837748,1268.60331888004,1268.7
"1",1275.62321428571,1261.44410557896,1260.12477959399,1260.3
"1",1271.7875,1252.807444233,1254.31729792766,1254.6
"1",1267.62321428571,1249.98077403867,1251.41521190476,1251.55
"1",1270.96607142857,1249.71876070515,1250.28477473229,1250.45
"1",1268.16607142857,1247.58175765306,1248.24051961076,1247.8
"1",1260.29821428571,1250.99987681866,1252.08307131278,1251.75
"1",1255.00892857143,1256.7075416991,1256.32382474337,1255.65
"1",1251.15178571429,1256.37186787022,1256.06370393106,1255.5
"1",1248.83928571429,1255.3109963065,1255.43621391028,1255.35
"1",1248.6875,1262.28226953993,1262.18290898142,1262.05
"1",1251.62678571429,1256.08369570796,1254.32139877061,1254
"1",1254.40892857143,1249.30143577727,1251.57507334116,1251.4
"1",1255.07678571429,1243.59075063954,1245.85535992411,1245.9
"1",1257.61785714286,1239.77076962285,1241.05901883111,1241.7
"1",1261.70535714286,1240.28128950451,1241.07426141907,1241.1
"1",1254.03214285714,1231.31658703734,1232.87692262279,1232.8
"1",1250.21428571429,1220.87707533242,1223.7959292318,1224.5
"1",1245.67678571429,1213.46672086213,1216.89069766203,1217.55
"1",1245.16428571429,1231.17993318373,1229.64681602827,1228.75
"1",1241.38928571429,1226.5069479483,1225.38481450826,1224.95
"1",1231.075,1227.79559036407,1228.34626586726,1228.35
"1",1222.53928571429,1232.1529903085,1231.54974048171,1231.5
"1",1219.25892857143,1228.57713035477,1227.89368002049,1228.25
"1",1226.675,1223.45567098723,1223.46592838605,1223.95
"1",1225.55535714286,1223.25788406278,1223.98341379631,1223.8
"1",1229.68571428571,1220.84802971394,1220.70807539058,1220.95
"1",1231.34642857143,1218.51443008009,1219.20340745362,1219
"1",1227.53035714286,1214.94861993468,1215.46070710837,1215.45
"1",1224.7,1215.6618621219,1216.15567385228,1216.3
"1",1223.36428571429,1209.04061422145,1209.70893735376,1209.65
"1",1221.27678571429,1211.21529099907,1211.99036567402,1212.35
"1",1218.89464285714,1210.00767129144,1209.38303527623,1209.55
"1",1216.68035714286,1213.56737523119,1214.52079043036,1214.35
"1",1215.13214285714,1215.22169115211,1214.70102352174,1214.4
"1",1208.34107142857,1201.20299364878,1200.17948459596,1200.35
"1",1210.79821428571,1200.44470564345,1196.44709276215,1197
"1",1210.8,1181.12168114486,1181.10138850863,1182
"1",1216.67321428571,1172.73772129552,1179.48455786263,1180.4
"1",1214.29821428571,1177.69397383471,1177.61733952995,1178.4
"1",1202.76071428572,1184.23450139221,1184.06511167459,1184.35
"1",1195.54285714286,1193.7891713145,1191.18085496331,1190.95
"1",1181.76071428571,1200.12982202791,1196.70962908881,1196.65
"1",1177.78928571429,1193.68700676044,1191.64111228744,1192.35
"1",1178.27857142857,1196.67380612962,1197.73532867874,1197.7
"1",1186.8875,1216.49767321441,1213.28617035267,1212.25
"1",1190.95535714286,1206.48339959764,1204.4602093018,1204.2
"1",1192.3,1196.26968807127,1196.81909502577,1197.3
"1",1192.92857142857,1203.06063790908,1201.98479321492,1202.45
"1",1202.17678571429,1199.80973653859,1199.76727977399,1200.05
"1",1210.07678571429,1189.98242989339,1190.32698490638,1190.85
"1",1203.20178571429,1198.06561878426,1196.18888806483,1196.7
"1",1200.78214285714,1205.25716035302,1205.00449035468,1205.15
"1",1201.83035714286,1197.06016343184,1199.16627984795,1198.9
"1",1196.11785714286,1197.39428191793,1196.15149245237,1196.6
"1",1190.85714285714,1190.38007157284,1189.53848821355,1189.85
"1",1200.04642857143,1198.11611817347,1195.53615035621,1195.6
"1",1206.84821428572,1206.66043002096,1210.22895562132,1209.8
"1",1197.79107142857,1194.41046406449,1202.07234791998,1201.95
"1",1192.53928571429,1205.74569193468,1201.14907081174,1201.9
"1",1189.7875,1200.54433428686,1199.97736859177,1200.2
"1",1199.59642857143,1203.4564368137,1203.17536213244,1203.3
"1",1209.18928571429,1205.7810920758,1208.47287545548,1208.35
"1",1200.70714285714,1197.94703554085,1197.72813505494,1198.7
"1",1200.86607142857,1207.00485514909,1202.40698590981,1202.75
"1",1201.31964285714,1200.23842696387,1201.71073632062,1201.9
"1",1204.18214285714,1197.35490953972,1193.85339857085,1194.25
"1",1205.22142857143,1190.48648724278,1184.15742644704,1185.4
"1",1200.83571428571,1190.47005897402,1186.3535247226,1187.25
"1",1205.18035714286,1188.28965456333,1189.42923110961,1189.35
"1",1203.17857142857,1203.03439986385,1204.84533336841,1204.7
"1",1191.73035714286,1198.21432442548,1201.8180411655,1201.2
"1",1183.47857142857,1203.64770400342,1203.67844656327,1203.45
"1",1185.96964285714,1203.34168634401,1203.74193728614,1203.8
"1",1190.46428571429,1189.511106007,1186.72141352854,1186.95
"1",1203.55357142857,1187.86284976084,1184.72582587134,1185.55
"1",1204.28571428572,1188.25951541886,1188.27575674023,1188.6
"1",1207.93571428572,1205.45658019916,1206.30168601591,1205.55
"1",1202.07678571429,1221.31590740172,1221.37921675641,1219.75
"1",1184.93571428571,1232.98002830883,1231.166003645,1229.95
"1",1181.725,1230.87375424783,1231.44999732369,1230.7
"1",1187.96428571429,1228.59743620679,1229.11425284648,1229.05
"1",1205.87321428572,1220.95057966354,1222.0224970414,1223
"1",1222.21964285714,1230.08353566221,1227.97746497289,1227.85
"1",1230.58928571429,1220.53202257268,1222.21408036514,1222.3
"1",1232.03928571429,1238.67992942284,1236.57366735168,1235.95
"1",1227.49107142857,1232.03308344887,1230.26371139215,1230.55
"1",1222.73571428572,1230.00423517887,1230.83666049266,1230.8
"1",1226.00714285714,1234.28631511313,1234.01005032462,1233.85
"1",1225.14642857143,1230.90693694262,1230.86837319325,1230.8
"1",1233.93571428572,1224.11407033782,1224.79651938361,1225.4
"1",1229.475,1212.0264187384,1214.05312585322,1214.95
"1",1234.2875,1231.12151352356,1231.340611197,1231.15
"1",1235.67142857143,1234.04547741411,1232.89249717139,1232.1
"1",1229.03035714286,1232.39117189308,1232.60410212112,1232.25
"1",1221.01428571429,1231.56586797474,1231.69214662392,1231.6
"1",1217.50892857143,1229.61755636333,1230.09397237933,1229.95
"1",1230.76964285714,1225.05553002892,1223.83490479476,1224.15
"1",1231.08928571429,1214.99539715414,1210.24722698706,1211.4
"1",1232.57142857143,1205.38458298155,1204.5094770334,1205.55
"1",1233.58571428571,1201.70970168951,1201.3997967293,1202.1
"1",1231.69464285714,1202.70378555457,1202.98797374876,1203.25
"1",1224.12321428572,1211.2342686244,1212.08200439221,1211.85
"1",1211.81428571429,1222.91096872578,1223.4141801608,1222.4
"1",1203.45535714286,1220.93110337766,1222.27902871835,1221.6
"1",1199.71964285714,1223.33280360418,1223.34653786631,1223
"1",1203.725,1226.6973386426,1226.3418164971,1226.1
"1",1213.75,1227.12632160576,1227.30897588055,1227.05
"1",1221.25,1222.86937827781,1223.56623178591,1223.65
"1",1221.24464285714,1223.55133771791,1223.31040474318,1223.4
"1",1223.66785714286,1220.89957197316,1220.9546843959,1221.2
"1",1225.93928571429,1207.72369664082,1212.5413390529,1213.25
"1",1228.18571428571,1232.48021621417,1226.65276350754,1226.25
"1",1224.12321428571,1219.59975518383,1217.73680181665,1217.55
"1",1223.65178571429,1226.08461369451,1230.64883970349,1230.3
"1",1220.2375,1244.38779628532,1241.44102657162,1240.3
"1",1214.52142857143,1237.21594109813,1236.67044616796,1235.9
"1",1222.15892857143,1241.4704133055,1242.79235817054,1242.55
"1",1219.10714285714,1243.83028098791,1243.82373162982,1243.3
"1",1231.98392857143,1245.11623410358,1245.75135657106,1245.35
"1",1238.45178571429,1245.62600851928,1245.69658550508,1245.3
"1",1236.73571428572,1245.67473364816,1246.04552106955,1245.75
"1",1242.07678571429,1243.76303632625,1242.13015698131,1242.75
"1",1242.81607142857,1237.18214465109,1235.00225808159,1235.35
"1",1246.38035714286,1239.16322482711,1241.36742404817,1241.65
"1",1247.36428571429,1244.81488638295,1246.68710673666,1246.3
"1",1246.30357142857,1253.64910951756,1255.98952482387,1255
"1",1240.37321428571,1260.50242777732,1260.58997648958,1259.75
"1",1234.39642857143,1259.03247548281,1258.53727398859,1258.15
"1",1240.55892857143,1257.94034347445,1258.41384365767,1258.15
"1",1248.45892857143,1266.05596721469,1268.60145197259,1268
"1",1257.25535714286,1280.61216019708,1279.84058034685,1279
"1",1258.05714285714,1276.40955212355,1279.89942129085,1279
"1",1255.58928571429,1284.36681312351,1282.80756581241,1282.9
"1",1259.14642857143,1292.6377280338,1290.81246179393,1290.45
"1",1268.27678571429,1276.87754155448,1280.07240747891,1279.9
"1",1278.68214285714,1290.22763637788,1292.31553850925,1292.2
"1",1279.50892857143,1289.43724506583,1287.06508429801,1286.45
"1",1284.22857142857,1287.31639754174,1288.73485565236,1288.6
"1",1287.98392857143,1292.04066179015,1292.02564514593,1291.9
"1",1282.29464285714,1289.70303156518,1289.06791050143,1288.95
"1",1290.80178571429,1291.90810704041,1292.80322012267,1292.75
"1",1286.96071428572,1295.00901401374,1294.64618586852,1294.4
"1",1288.84285714286,1292.81233897729,1292.36510749306,1292.3
"1",1290.42321428571,1290.44023871016,1290.89021730741,1290.7
"1",1288.99642857143,1284.76891408756,1284.20977902487,1284.2
"1",1293.075,1278.920315535,1279.38442729009,1279.55
"1",1295.45535714286,1280.947875516,1281.60531290859,1282.1
"1",1293.36071428571,1280.69629046707,1279.80205770725,1279.8
"1",1290.25714285714,1282.61333302575,1283.60635406228,1283.7
"1",1284.42678571429,1290.86124711501,1294.24118026958,1293.9
"1",1280.66071428571,1303.14126645725,1303.01265261107,1302.15
"1",1280.25357142857,1309.85980971265,1308.20207158681,1307.55
"1",1278.19821428571,1312.82499547724,1310.87494734374,1310.7
"1",1284.91607142857,1324.20449432493,1324.1077513501,1323.25
"1",1293.66428571429,1323.49985963855,1319.3534278134,1318.7
"1",1300.16964285714,1309.92901922279,1312.06699116845,1312.15
"1",1307.18928571429,1314.83200830875,1314.17753395582,1314.2
"1",1314.33392857143,1311.97210724076,1312.70235780521,1312.4
"1",1322.82321428571,1309.20489344163,1310.08108831892,1310
"1",1318.01428571429,1316.52801947988,1315.24440618838,1314.85
"1",1312.21071428571,1304.97967174844,1306.63901219658,1306.4
"1",1313.91428571429,1309.29226272091,1309.7452121121,1310
"1",1312.78571428572,1313.58883663288,1312.89283564831,1312.8
"1",1311.41428571429,1311.43996041592,1311.73126146301,1311.45
"1",1312.97321428571,1316.87742001006,1316.61385194266,1316.55
"1",1307.79464285714,1327.62549836384,1325.86514631705,1325.5
"1",1310.89107142857,1337.36669031938,1335.19198667065,1334.15
"1",1311.58035714286,1348.84569285764,1344.8948087109,1343.75
"1",1308.50714285714,1329.67537471925,1331.65294387488,1331.25
"1",1315.30535714286,1328.89130363751,1328.99190745139,1329.05
"1",1327.67321428571,1331.29392263915,1331.22941930772,1331.05
"1",1337.32142857143,1324.67006062608,1325.3543699842,1325.05
"1",1341.31071428571,1323.71580309609,1322.9265309826,1322.85
"1",1331.03214285714,1318.85247166018,1319.16788583309,1319.15
"1",1329.80714285714,1311.27616773151,1311.62643557561,1311.95
"1",1327.97678571429,1276.03632304316,1284.16288035533,1285.4
"1",1326.04285714286,1280.67560603486,1282.89133391674,1283.8
"1",1327.23035714286,1286.2302104044,1285.75439613976,1285.85
"1",1321.82678571429,1285.17175441102,1284.86914967346,1285.3
"1",1308.37142857143,1299.66946080887,1297.36499605958,1296.75
"1",1284.47142857143,1292.06690600107,1293.35427764153,1292.75
"1",1283.06964285714,1297.59697644335,1296.8658025981,1297.05
"1",1285.74821428571,1309.24272867127,1307.59113850551,1306.95
"1",1286.08035714286,1294.01061569675,1296.00653074149,1295.55
"1",1294.85892857143,1303.2398704306,1303.61573578444,1303.5
"1",1293.95714285714,1305.603684043,1306.1323335742,1305.6
"1",1299.53571428571,1307.80655279796,1308.01062805022,1307.7
"1",1303.05,1303.69106617178,1303.99556555338,1303.7
"1",1297.00178571429,1309.19676537147,1309.66386179472,1309.6
"1",1304.32857142857,1311.94401177111,1311.66112037833,1311.3
"1",1306.5875,1320.11209519981,1319.82530752855,1319.55
"1",1305.55178571429,1317.25068174527,1316.67972584439,1316.3
"1",1302.625,1309.31656026333,1310.05323532223,1309.7
"1",1307.63035714286,1293.42064537328,1295.00280510306,1295.15
"1",1314.20714285714,1294.96366714421,1294.7276576223,1295.4
"1",1321.7875,1293.77890095521,1293.10432238779,1293.5
"1",1316.82142857143,1290.49170869858,1290.33977344615,1290.3
"1",1307.35357142857,1290.12794203556,1290.69273634002,1290.45
"1",1295.14107142857,1284.1829678142,1283.05822984238,1283.15
"1",1296.06428571429,1287.21969980252,1288.21305516091,1288.45
"1",1295.1875,1299.67066100266,1300.22752218412,1300
"1",1290.93392857143,1304.39160098222,1303.73896335322,1303
"1",1287.00178571429,1305.77212530671,1306.11033380616,1305.45
"1",1281.30535714286,1297.32078236598,1298.91096348434,1298.8
"1",1289.25178571429,1293.43723339454,1293.90432508879,1294.3
"1",1300.20892857143,1283.20126407589,1285.27720197677,1285.65
"1",1304.03392857143,1272.83606704094,1275.4741792095,1276.35
"1",1306.0875,1275.68194506621,1275.25080900377,1275.85
"1",1300.54464285714,1275.6718547641,1275.64919594241,1275.7
"1",1293.49107142857,1266.960122525,1269.38076704757,1269.5
"1",1284.3125,1272.33437526163,1271.43948178182,1271.65
"1",1278.14821428571,1284.50022917418,1280.92126971072,1280.8
"1",1276.76607142857,1284.73506297884,1285.22789389238,1284.2
"1",1272.475,1276.59919105656,1279.97617074046,1279.5
"1",1268.39107142857,1284.21384837054,1282.28390839186,1282.3
"1",1273.63035714286,1283.9079486404,1284.09692898365,1283.8
"1",1280.30178571429,1265.51664203768,1270.74543637846,1270.95
"1",1283.56071428572,1282.49339620554,1278.37711839877,1278.55
"1",1281.90535714286,1281.22254032153,1281.7554958133,1281.2
"1",1283.74642857143,1285.75323263799,1285.71346293921,1285.2
"1",1280.1375,1285.93492649829,1286.43565275669,1286.1
"1",1271.46428571429,1287.17459683345,1287.38067112239,1287.1
"1",1279.23392857143,1296.85896443277,1296.04919229749,1295.6
"1",1281.94285714286,1297.95758634649,1299.14321170184,1298.4
"1",1284.07857142857,1298.72730826819,1299.66854298632,1299.1
"1",1283.87142857143,1292.14569611179,1291.90129878621,1291.7
"1",1286.95,1281.72173581862,1280.42795083264,1280.8
"1",1296.63392857143,1278.21077379854,1276.41287102449,1276.85
"1",1300.52857142857,1270.48258770894,1270.43231222745,1271.15
"1",1300.18392857143,1274.20330978359,1273.51276578016,1273.8
"1",1292.1875,1285.20662156569,1284.47313362133,1283.65
"1",1280.40714285714,1282.08526402165,1283.24071393505,1282.5
"1",1273.59642857143,1277.81831726085,1278.24206851031,1278.3
"1",1270.73928571429,1282.53124697914,1281.5346033576,1281.65
"1",1276.24821428571,1280.6812800476,1281.10992765013,1280.95
"1",1285.13035714286,1298.0796670105,1296.5746011931,1295.55
"1",1283.68035714286,1330.22569865189,1319.57481945997,1317.1
"1",1277.67857142857,1322.78547399052,1327.18862664502,1324.25
"1",1277.51785714286,1341.17460700166,1337.37010165238,1335.05
"1",1279.50535714286,1335.23214550503,1337.09374808157,1335.5
"1",1297.38571428571,1343.33309246617,1341.83920659144,1340.65
"1",1315.47857142857,1323.22491278947,1328.37733684656,1328.6
"1",1324.91785714286,1321.77367444443,1323.54492293691,1324.3
"1",1336.97857142857,1335.96152554185,1332.92171349575,1332.35
"1",1339.13571428572,1337.53523327576,1336.96452041584,1335.9
"1",1339.60714285714,1358.02971797026,1353.53615083597,1351.25
"1",1325.10892857143,1340.24769088722,1342.06832631358,1341.3
"1",1323.04285714286,1340.2754692397,1341.5094193057,1341.35
"1",1332.50178571429,1344.6665430726,1344.51981203863,1344.05
"1",1343.85357142857,1389.5016427018,1383.20259906911,1379.5
"1",1350.97142857143,1407.44364815896,1402.67119421956,1397.15
"1",1336.775,1410.38070053183,1409.42666953735,1405.7
"1",1337,1442.69878143659,1437.00294452689,1431.4
"1",1343.69642857143,1405.86477171224,1404.43877602752,1403.95
"1",1377.60357142857,1396.34650646916,1402.04184388724,1402.5
"1",1399.62321428571,1409.59893099528,1409.61354421408,1409
"1",1412.39285714286,1389.54783541188,1389.9507789386,1390.1
"1",1425.87857142857,1389.4325470628,1390.58453819548,1391.05
"1",1407.86785714286,1414.46625323231,1415.54453041383,1413.5
"1",1406.375,1414.35761322316,1417.05553636205,1414.9
"1",1399.46964285714,1386.90848072753,1389.05043946026,1388.65
"1",1388.08928571429,1402.92785056478,1399.92300287243,1400.1
"1",1397.69285714286,1391.16834157865,1392.05049534504,1391.55
"1",1417.65892857143,1407.61525846741,1409.05708006977,1408.3
"1",1410.38214285714,1412.56510229436,1415.48791946865,1413.75
"1",1388.86428571429,1407.47184195618,1408.88283330399,1407.6
"1",1395.91607142857,1412.5442261233,1413.44813235535,1412.4
"1",1394.36785714286,1409.63089304136,1411.03015163012,1409.85
"1",1409.51964285714,1410.57042304534,1411.23232812683,1410.35
"1",1413.09107142857,1414.98767652956,1418.5532015622,1417.45
"1",1411.13392857143,1426.46275939705,1441.60905522984,1439.7
"1",1409.57857142857,1423.20113460867,1429.53501553421,1427.75
"1",1405.51071428572,1431.12273931926,1426.33657270819,1425.55
"1",1410.29642857143,1427.23388817986,1427.76276444238,1426.95
"1",1422.28214285714,1419.22839531144,1417.1264281429,1416.1
"1",1438.14107142857,1422.987405515,1421.06069511353,1420.4
"1",1428.5625,1418.38115760463,1420.0012946191,1419.05
"1",1427.46964285714,1423.4909637935,1426.94625975735,1425.9
"1",1424.76785714286,1427.11085198819,1428.96844469255,1427.55
"1",1413.85892857143,1416.31001250197,1408.05610527174,1406.8
"1",1422.68928571429,1423.80173247348,1440.88962815602,1441.75
"1",1425.51964285714,1441.20625704703,1467.24516265915,1465.25
"1",1424.16607142857,1459.49767416695,1467.82721726738,1465.25
"1",1419.86607142857,1504.28221769491,1508.36582318879,1506.05
"1",1408.58035714286,1500.32080994843,1499.05586222715,1495.75
"1",1440.32678571429,1496.85822392628,1499.31417194172,1497.7
"1",1461.64285714286,1504.12823166623,1506.24718627521,1504.7
"1",1473.05357142857,1499.38631125154,1500.55715928622,1498.4
"1",1504.52321428571,1511.10555612358,1514.21324598417,1513.25
"1",1496.25535714286,1516.50661446697,1517.70481543842,1515.65
"1",1497.68571428572,1515.51488022903,1516.94378523564,1515.25
"1",1499.1125,1498.449842271,1498.96217374599,1496.6
"1",1501.61785714286,1502.03980617167,1505.03387743058,1504.55
"1",1516.26071428572,1504.02912603551,1505.01104231557,1503.25
"1",1516.97857142857,1502.09159161733,1503.68415090394,1502.05
"1",1511.15714285714,1503.51760747083,1505.20820317927,1503.8
"1",1501.5,1530.05391185358,1533.60100447974,1532.95
"1",1504.68928571429,1539.92783670778,1539.85842438491,1537.15
"1",1498.94821428572,1540.51806112912,1542.38996664559,1540.2
"1",1496.33392857143,1528.08835686208,1530.9665972464,1528.4
"1",1507.70714285714,1523.21895499237,1527.1892658453,1525.95
"1",1536.225,1536.19981716666,1538.76191342806,1537.85
"1",1540.61428571429,1543.62611832318,1547.63190372687,1546.1
"1",1534.92142857143,1528.8285252847,1531.88640483831,1529.1
"1",1524.50535714286,1526.80829491104,1525.29406445865,1523.7
"1",1527.77142857143,1509.30298147877,1510.95533204966,1509.2
"1",1541.35,1498.31984275645,1499.1884803402,1498.25
"1",1545.09285714286,1489.72003372359,1491.28995803036,1490.65
"1",1534.40178571429,1518.41518871967,1515.17564888043,1515.2
"1",1522.46428571429,1501.92478644287,1505.86638904882,1503.1
"1",1504.19107142857,1498.55303709913,1498.58450003569,1497.2
"1",1495.63928571429,1503.00258661206,1503.07574974202,1502.1
"1",1497.75535714286,1502.92303859696,1505.01051512267,1503.5
"1",1512.88214285714,1500.42850105138,1502.32331818954,1500.7
"1",1501.275,1502.39178185213,1503.2211057854,1501.9
"1",1500.43928571429,1522.2126411609,1522.99688604292,1522.1
"1",1502.42321428572,1515.81865916161,1523.10923273151,1520.65
"1",1500.81071428571,1528.47576784011,1530.42997269185,1528.75
"1",1495.84107142857,1508.20688593931,1509.64188852051,1506.4
"1",1502.78928571429,1491.95963898283,1491.13196726523,1489.9
"1",1523.38392857143,1485.77134858162,1485.50202679881,1485.3
"1",1526.37678571429,1472.57155402277,1473.97733465899,1473.45
"1",1529.825,1491.84649803834,1493.24101223467,1492.6
"1",1508.42857142857,1518.26505889748,1518.84556674523,1517.1
"1",1486.1125,1493.72479639091,1502.57487031737,1499.15
"1",1477.17321428572,1505.09375122746,1502.69353889478,1501.25
"1",1476.42678571429,1504.95566987539,1507.12372199482,1505.85
"1",1499.38928571429,1506.20116742583,1508.96286484374,1507.25
"1",1511.60357142857,1494.02897408855,1497.15730496152,1494.8
"1",1496.99107142857,1480.15361997815,1480.70535181432,1479.15
"1",1504.87678571429,1494.44119953019,1490.67751284815,1490.6
"1",1509.81428571429,1485.68042086522,1489.40646874798,1487.8
"1",1505.3375,1485.56485735736,1486.51940053639,1485.1
"1",1491.57857142857,1493.2705012464,1493.93011607207,1492.65
"1",1481.69642857143,1488.55340802253,1491.67373808401,1490
"1",1489.58392857143,1492.30720304362,1492.96009529461,1491.65
"1",1485.94285714286,1484.69280322124,1486.96385140411,1485.35
"1",1487.56607142857,1496.4482745427,1495.26003876594,1494.45
"1",1493.06607142857,1493.21641919614,1498.0236140725,1496.55
"1",1491.70535714286,1509.87942251666,1514.22987295137,1513.45
"1",1486.66964285714,1491.82704476832,1495.51899463519,1492.4
"1",1483.65535714286,1498.80469187099,1488.0422544854,1486.75
"1",1495.99107142857,1491.18795827525,1492.41809905992,1492.1
"1",1505.40178571429,1504.81883687745,1511.31942182755,1510.95
"1",1509.50357142857,1504.24831224376,1510.96022372437,1508.8
"1",1488.00357142857,1509.80098789599,1511.24380372007,1509.45
"1",1483.12321428571,1492.51962401297,1491.79772723828,1488.95
"1",1495.36964285714,1490.60448152457,1487.45201191732,1486.05
"1",1513.20892857143,1484.86396061122,1485.39733320459,1484.25
"1",1510.10535714286,1466.51266197608,1466.41837219667,1464.15
"1",1505.87678571429,1459.31146933123,1459.5973362872,1458.7
"1",1490.84821428571,1451.87180499473,1453.20451871793,1452.05
"1",1490.54107142857,1462.36882368421,1462.90343001559,1462.9
"1",1482.79107142857,1466.66028982097,1468.07689133896,1466.65
"1",1462.60357142857,1466.89348597209,1468.10404018561,1466.9
"1",1455.50714285714,1467.64607685804,1468.98359203517,1467.65
"1",1453.50178571429,1468.46658496848,1469.76475346835,1468.45
"1",1463.775,1471.68962476245,1472.909862579,1471.7
"1",1465.975,1466.81474324999,1468.60032483268,1467.05
"1",1466.17678571429,1464.08555139125,1465.82140972098,1464.45
"1",1467.34464285714,1457.36360429279,1460.01438326333,1458.4
"1",1469.66428571429,1453.03752759999,1455.94398553559,1454.65
"1",1472.07321428572,1453.68398667862,1455.5325046168,1454.35
"1",1468.01785714286,1454.65532309694,1456.00486664169,1454.65
"1",1464.5375,1461.10930912435,1460.97244362933,1460.15
"1",1457.8375,1462.27390276117,1462.59771679802,1461.15
"1",1455.49821428571,1480.96008494836,1478.3633401958,1477.3
"1",1453.23928571429,1480.8192855362,1477.02808355883,1475.1
"1",1453.27321428572,1475.53809507798,1477.30676194254,1475.95
"1",1456.58928571429,1459.29167555288,1461.33007315293,1459.65
"1",1464.44642857143,1456.54190673957,1462.30238121568,1461.7
"1",1479.4625,1465.4163397452,1465.91192957285,1464.95
"1",1477.48571428571,1467.31859770517,1467.96889445197,1466.8
"1",1472.38928571429,1468.09319345376,1469.16796556886,1467.8
"1",1459.15892857143,1466.77069071637,1467.98655450793,1466.6
"1",1463.08392857143,1477.37766832288,1478.96808693463,1477.9
"1",1465.08392857143,1477.97670981232,1477.18112154254,1475.8
"1",1465.34821428571,1473.80139776093,1475.39470201031,1474.05
"1",1466.55535714286,1476.38524246685,1477.93166323744,1476.7
"1",1469.41428571429,1479.08243501058,1480.0108429116,1479
"1",1477.72857142857,1482.05123090598,1483.13672308303,1482.1
"1",1474.78035714286,1482.38736649118,1483.50309402242,1482.1
"1",1476.90178571429,1509.49943514986,1511.45512794344,1511.5
"1",1477.01607142857,1520.71842735968,1516.74449797,1514.75
"1",1475.35357142857,1514.93726951495,1516.63366146637,1514.75
"1",1478.75892857143,1527.06747551314,1528.39168030424,1527.1
"1",1489.20535714286,1553.68216522793,1549.72086422766,1548.75
"1",1512.925,1585.54364280701,1575.5784927806,1573.1
"1",1509.33035714286,1566.08009714842,1570.37728874145,1567.85
"1",1510.82321428572,1572.65543443552,1573.46730068729,1571.95
"1",1525.96607142857,1546.76564831421,1552.99269815331,1550.75
"1",1553.56785714286,1550.51254011684,1553.77434673684,1553.6
"1",1574.20892857143,1549.81499199193,1551.19474058917,1549.9
"1",1570.68928571429,1543.69604746634,1546.22336621699,1545.1
"1",1568.70357142857,1548.88079485829,1550.0373039304,1549
"1",1553.06785714286,1556.17262146716,1556.05778350852,1554.55
"1",1553.39464285714,1559.03886460164,1559.05883943324,1557.6
"1",1547.96607142857,1561.11959856654,1561.87868202641,1560.15
"1",1543.61964285714,1550.09538643246,1553.40872837778,1551.3
"1",1549.79107142857,1556.33350154236,1557.84682929707,1556.9
"1",1556.6375,1564.77054129682,1564.14900539215,1562.9
"1",1558.66964285714,1565.48480119371,1565.91756320628,1564.3
"1",1558.60535714286,1583.53654600042,1581.25485610002,1580.1
"1",1550.58928571429,1576.39836904682,1576.31087030922,1574
"1",1555.45535714286,1571.85626873205,1575.14920643739,1573.45
"1",1562.27857142857,1578.75312489492,1579.06734929537,1578.25
"1",1568.70892857143,1583.47907287964,1584.88352354455,1584.2
"1",1577.39107142857,1577.2312304985,1576.58222667281,1574.75
"1",1570.60892857143,1561.28593668835,1559.94434759314,1558.35
"1",1574.26607142857,1554.14552311638,1553.89266468218,1553.3
"1",1584.07678571429,1566.23036223453,1563.94332924512,1563.3
"1",1586.57857142857,1571.20854365501,1574.14964250386,1572.65
"1",1571.17321428572,1570.37584316682,1574.88067362129,1573.2
"1",1554.39464285714,1569.73802688599,1572.25719433602,1570.5
"1",1552.94285714286,1563.03848476979,1565.05465174811,1563.7
"1",1566.49285714286,1578.86962514478,1575.87163492149,1575.05
"1",1574.78571428572,1578.44929685573,1583.18654080447,1581.4
"1",1572.00357142857,1578.33129872587,1582.45942857593,1580.8
"1",1567.72678571429,1592.13699423443,1590.89706965371,1589.85
"1",1566.44285714286,1605.86022045416,1605.46009746413,1604.2
"1",1576.5625,1620.17520118493,1620.8419309751,1619
"1",1580.55357142857,1656.29221161316,1645.69063185213,1643.3
"1",1581.28928571429,1691.28764839803,1675.30896393682,1671.65
"1",1584.53928571429,1622.86719425811,1653.81511072938,1650.3
"1",1597.67142857143,1633.77782250596,1636.29798554317,1634.9
"1",1624.17142857143,1666.67275500074,1652.42092720095,1652
"1",1649.09642857143,1604.44022359721,1613.5253947853,1609.85
"1",1666.50178571429,1600.91813208514,1600.17063328446,1599.65
"1",1652.82678571429,1618.54665781201,1616.50021750061,1615.5
"1",1648.25535714286,1643.68625022098,1643.00509045997,1641.85
"1",1645.56785714286,1659.7945626494,1661.53167323034,1659.6
"1",1604.57678571429,1689.19545361497,1686.2769591125,1683.65
"1",1594.98571428572,1667.94341412081,1675.1359009163,1672.5
"1",1612.43392857143,1652.92120015147,1657.91280939209,1655.7
"1",1642.96785714286,1655.38613685583,1654.77311369136,1653.75
"1",1658.98928571429,1552.331681386,1570.76468169212,1570.7
"1",1683.49107142857,1556.10122690697,1559.03000699825,1562.8
"1",1673.59642857143,1474.90275846599,1478.7631334201,1487.7
"1",1673.54107142857,1499.78427435512,1532.25558632125,1536.2
"1",1646.70535714286,1522.48406765194,1500.68675650667,1498.2
"1",1570.52321428572,1462.68881700621,1472.83347703882,1474.25
"1",1550.04821428572,1484.99955917945,1492.46033390503,1494.4
"1",1508.53214285714,1529.55484771388,1526.77357381028,1525.4
"1",1538.56607142857,1619.72070335244,1612.92290501965,1605.75
"1",1486.58392857143,1633.60034671653,1613.46178334169,1605.45
"1",1465.08571428571,1635.44010473586,1640.47450601134,1634.8
"1",1486.625,1628.85453865027,1621.81662928651,1617.3
"1",1535.70535714286,1611.36279596005,1619.77272400892,1618.3
"1",1603.00178571429,1609.33590903027,1610.340391443,1608.95
"1",1609.57678571429,1573.00743322365,1576.10896748635,1576.55
"1",1637.18035714286,1602.32813253248,1616.58078564081,1616.8
"1",1623.04642857143,1628.37895318285,1616.36794976155,1613.1
"1",1619.28035714286,1645.23393943508,1651.58841534829,1648.3
"1",1598.04464285714,1665.13511137793,1653.7590694136,1649.25
"1",1579.08214285714,1648.26912327545,1650.98403310813,1647.8
"1",1614.49464285714,1677.25022817121,1683.34738151835,1680.65
"1",1626.01964285714,1746.6261726428,1748.29841056312,1741.9
"1",1641.49285714286,1724.90526003814,1725.17632232265,1718.65
"1",1636.71071428572,1726.41252068711,1731.74278547422,1729.5
"1",1644.27857142857,1694.83026960357,1695.33299718897,1692.55
"1",1692.67857142857,1674.54344203293,1685.67229439722,1686.2
"1",1741.03214285714,1679.7325224614,1683.23002127353,1682.05
"1",1729.82678571429,1706.65195943616,1712.25863075207,1710.55
"1",1727.15535714286,1738.52644822991,1739.97881739515,1736.25
"1",1685.75714285714,1720.35278017287,1720.09866718081,1715.9
"1",1677.61428571429,1713.44497268689,1716.46352326686,1714.95
"1",1683.86785714286,1692.96783238035,1693.09060676261,1691.55
"1",1719.44642857143,1699.97574983099,1703.98822188216,1703.35
"1",1736.03035714286,1704.61393642819,1704.48476183048,1702.75
"1",1715.61964285714,1686.49632587458,1688.48463372076,1686.25
"1",1711.61964285714,1708.00451942666,1709.96401052712,1709.1
"1",1695.07678571429,1700.55615263019,1702.5966442039,1699.55
"1",1701.47321428571,1691.78040600534,1693.44211951035,1691.5
"1",1699.24821428571,1703.37845452419,1705.50215812686,1704.05
"1",1692.70535714286,1702.69567657025,1705.35015448925,1702.75
"1",1706.71428571429,1702.47962922949,1704.35246497593,1702.4
"1",1697.14821428572,1707.12232086462,1710.61758331405,1708.4
"1",1696.4625,1726.72596963613,1733.69266920056,1731.6
"1",1703.4125,1731.5047969009,1738.73018261175,1735.35
"1",1698.44642857143,1734.1108708655,1737.40611242677,1734.7
"1",1699.96964285714,1737.59613904781,1739.93534835573,1737.95
"1",1713.20892857143,1745.73228988222,1750.60882635978,1748.3
"1",1729.39107142857,1734.73381104877,1727.50716202504,1724.9
"1",1734.21785714286,1732.04574030651,1734.81894623755,1733.55
"1",1735.71964285714,1724.38331481124,1722.7730113336,1720.25
"1",1739.15714285714,1706.97127520064,1696.37629930877,1694.6
"1",1747.22321428572,1715.24997558601,1717.73356060832,1717.35
"1",1733.225,1717.90539695529,1730.58318821384,1728.7
"1",1731.79285714286,1727.56245993341,1733.42800204544,1730.6
"1",1712.03571428571,1739.7636288809,1743.8506574658,1742.15
"1",1692.82678571429,1711.89711892164,1708.65955213385,1705.35
"1",1716.8875,1706.84706081935,1700.75961443173,1700.05
"1",1730.86785714286,1684.75140171799,1684.92238740892,1683.45
"1",1739.41607142857,1689.36161589805,1690.65966835902,1690.35
"1",1741.1875,1711.33597232775,1715.10735007435,1713.5
"1",1706.70535714286,1720.77958729802,1725.23316388677,1722.05
"1",1694.52857142857,1738.07629864322,1740.01701931659,1738.25
"1",1679.64464285714,1734.17475975045,1736.98607637826,1733.5
"1",1688.47857142857,1711.60665597395,1713.08138083939,1710.45
"1",1714.39821428571,1720.43822960715,1720.83538871419,1719.85
"1",1729.39642857143,1723.45328119936,1726.14149284626,1724.35
"1",1738.83214285714,1719.29700274402,1721.58927133978,1719.5
"1",1729.03214285714,1735.28316507133,1736.32983826163,1734.75
"1",1715.08214285714,1762.26314889503,1763.58620276337,1761.85
"1",1719.92321428571,1767.8989243074,1772.42855260776,1768.9
"1",1717.12857142857,1765.3620464903,1768.66144668685,1766.05
"1",1716.32678571429,1755.26362616714,1758.78518453026,1756.55
"1",1738.03035714286,1746.74754754682,1749.26315874381,1747.6
"1",1767.44464285714,1776.20238467538,1772.77756469601,1771.6
"1",1770.65178571429,1764.36860146126,1770.5336263878,1768.1
"1",1762.51964285714,1772.48580280063,1773.4391767095,1771.05
"1",1752.70892857143,1778.0152786022,1779.08623721966,1777.45
"1",1751.47678571429,1770.91779837409,1775.53368495673,1772.9
"1",1771.24642857143,1790.71461501801,1789.10962601308,1787.9
"1",1768.53928571429,1785.67344110371,1791.63461563406,1789.55
"1",1773.00892857143,1812.02841226056,1812.82489166728,1811.1
"1",1774.36607142857,1811.96602314952,1814.76374917158,1812.1
"1",1771.3,1802.61597150873,1805.499119306,1803.1
"1",1785.44464285714,1808.24926669122,1809.33200531457,1807.5
"1",1793.94107142857,1801.48661885781,1804.11119003871,1801.9
"1",1812.225,1804.91936326629,1806.06313807307,1804.6
"1",1810.99642857143,1808.22315941042,1809.81275443646,1807.7
"1",1804.2625,1807.32163404921,1809.19519111152,1807.35
"1",1806.56071428572,1814.2779049474,1817.46132808677,1815.65
"1",1804.87142857143,1842.76317302891,1844.21197619787,1842.55
"1",1805.07321428571,1856.37853059115,1855.00778615117,1852.4
"1",1805.38392857143,1885.2081473954,1881.58545969284,1878.3
"1",1806.13214285714,1921.40586016565,1905.96072065004,1902.1
"1",1819.04821428572,1961.2916252767,1941.99672478769,1936.65
"1",1837.66428571429,1959.63451541125,1945.94159098697,1940.9
"1",1849.76071428572,1955.48647067337,1955.33582922626,1950.9
"1",1877.73035714286,1963.86117989268,1961.25748793201,1957.65
"1",1907.01071428571,1970.0330357278,1968.41631871322,1964.9
"1",1934.33571428572,1958.93921349892,1961.40075970687,1958.55
"1",1942.75892857143,1981.29365564787,1980.18988386438,1977.9
"1",1959.50357142857,2099.98920093235,2054.42245594956,2048.15
"1",1959.12321428572,2086.54388073724,2075.34266128326,2067.15
"1",1947.10892857143,2002.50288977017,2034.58205994189,2031.15
"1",1950.68571428572,2055.89473885686,2045.81411195783,2044.5
"1",1981.63928571429,1931.93610976027,1941.11356938605,1939.65
"1",2053.94821428572,1901.89813959684,1926.93026684043,1931.9
"1",2075.11607142857,1945.08867595162,1944.12359642685,1944.25
"1",2049.67321428571,1945.97733710159,1947.15396782707,1944.75
"1",2028.13035714286,1976.23833068746,1975.87393771156,1972.85
"1",1940.27678571429,2016.37449406315,2014.3669403675,2008.75
"1",1927.04642857143,1979.58168733631,1985.56038617196,1981
"1",1929.42678571429,1921.62313882393,1927.20027396351,1927.15
"1",1948.30357142857,1928.49752916819,1922.57465509827,1924.35
"1",1993.01785714286,1946.45446309169,1944.98928337544,1943.95
"1",2008.37321428572,1906.14363048159,1912.55965518645,1911.15
"1",1971.31964285714,1937.23740379205,1934.27665188511,1932.95
"1",1927.56071428571,1921.73167042602,1926.37876287173,1923.85
"1",1933.01071428571,1958.58472062241,1959.71569122493,1957.35
"1",1937.88571428572,1970.8960157478,1976.55935442313,1972.35
"1",1908.84642857143,1946.24866150529,1949.61402213396,1947.05
"1",1923.68928571429,1941.33622301034,1941.64331735932,1940.45
"1",1929.7875,1926.99465440831,1927.9436048842,1926.3
"1",1964.81607142857,1932.94083878915,1929.59548084386,1928.45
"1",1968.92142857143,1909.03788800103,1913.01627997,1910.95
"1",1951.46964285714,1948.50092831295,1949.07936524967,1947.2
"1",1942.15714285714,1958.32753804968,1969.90107474763,1966.25
"1",1921.98571428571,1942.09322850568,1950.4269603821,1947.4
"1",1918.63571428572,1963.71903734687,1960.61449923484,1958.7
"1",1916.39285714286,1948.17846922661,1951.97160800084,1949.35
"1",1953.01428571429,1961.38901993983,1963.88967586257,1961.8
"1",1959.86785714286,1944.30125267609,1939.14900412097,1936.25
"1",1950.53928571429,1945.22726543484,1951.65999378792,1950.85
"1",1954.45535714286,1928.04827275539,1911.7695798919,1909.35
"1",1952.77857142857,1901.64083424092,1906.57305282701,1906
"1",1957.5875,1878.18373771294,1874.75643243669,1873.4
"1",1944.01607142857,1855.22455718486,1861.78514083025,1861.75
"1",1948.35535714286,1857.00560504104,1860.6417470596,1859.7
"1",1915.56607142857,1862.90969367682,1865.7767114295,1864.3
"1",1904.24107142857,1884.21259355813,1886.43543579813,1883.95
"1",1871.27142857143,1893.41237035777,1889.93560994995,1886.9
"1",1859.5375,1901.52622733198,1905.12308576475,1902
"1",1857.40535714286,1908.2578792736,1906.34147475753,1903.05
"1",1865.93214285714,1909.24550698036,1912.4604648853,1909.6
"1",1882.57678571429,1916.91099760092,1916.50202399743,1913.4
"1",1885.41428571429,1890.27489776081,1886.67665754561,1884.5
"1",1901.025,1869.51716114945,1888.35412667192,1887.45
"1",1911.64107142857,1921.50356701927,1924.62847420767,1923.25
"1",1914.22678571429,1937.13190210048,1929.5941260068,1925.5
"1",1899.03928571429,1893.84530485035,1894.92163052433,1891.3
"1",1881.6,1905.81254187107,1910.55220388707,1910.05
"1",1896.4625,1893.69321286469,1894.12211664797,1891.9
"1",1927.26785714286,1903.51423167591,1905.7789677719,1905.05
"1",1919.36607142857,1902.67868431261,1908.48607010397,1905.6
"1",1894.59107142857,1899.56538490514,1900.67108153386,1898.4
"1",1907.61071428572,1918.41027730998,1925.54356883963,1924.15
"1",1892.7125,1902.47105030717,1905.19057619071,1900.95
"1",1902.7875,1909.68532812789,1905.47168890542,1903.65
"1",1903.39285714286,1899.97709395925,1901.1367744777,1898.45
"1",1906.70357142857,1904.04160017998,1907.18025765661,1905.7
"1",1916.53392857143,1887.27328757096,1873.1816814243,1869.95
"1",1901.17678571429,1883.17496407875,1871.12224265219,1870.3
"1",1908.03035714286,1876.16844590869,1883.24598154327,1881.85
"1",1905.66428571429,1882.04981709903,1892.68523847487,1889.9
"1",1899.5875,1897.75665896176,1910.59226971537,1908.3
"1",1866.33928571429,1900.07099002368,1904.08049455338,1900.15
"1",1872.6875,1919.66541703777,1940.22064974412,1938.45
"1",1882.075,1948.61927895906,1944.92331436239,1940.8
"1",1881.00357142857,1908.12724583017,1872.06683379826,1867.3
"1",1902.25892857143,1902.371855217,1877.41417101859,1878.7
"1",1915.25178571429,1864.58428938269,1862.98972010433,1860.95
"1",1949.23035714286,1872.83912445714,1876.0113554711,1874.85
"1",1930.30178571429,1885.18077112968,1893.24344513722,1890.9
"1",1869.31785714286,1885.03575800335,1888.76854251896,1885.6
"1",1871.62142857143,1888.82536029728,1890.99207691486,1889.05
"1",1860.50892857143,1878.37969825795,1878.78276165937,1876.1
"1",1875.97142857143,1862.2409999008,1859.06219272727,1857.35
"1",1893.27678571429,1874.72051576434,1876.79557180537,1875.7
"1",1886.94107142857,1846.80995303298,1843.74654733432,1840.2
"1",1882.44464285714,1810.00694774861,1801.24266821533,1799.6
"1",1876.3375,1814.56704602039,1809.65769437911,1810.2
"1",1871.19821428571,1806.48940833012,1809.17251763091,1807.4
"1",1870.63571428571,1783.19958061631,1781.80909711919,1779.3
"1",1830.04107142857,1768.13197196428,1763.26620268679,1762.55
"1",1811.07142857143,1809.39217455373,1810.19003309378,1810.75
"1",1817.37678571429,1806.04639518902,1825.11966743725,1822.6
"1",1798.93392857143,1830.87989341531,1835.2086061935,1832.35
"1",1768.87142857143,1841.87213983044,1845.26226001383,1843
"1",1769.8875,1859.11499479622,1861.86621604327,1859.95
"1",1810.83035714286,1865.42267216722,1870.88136214087,1868.15
"1",1817.56964285714,1836.19221534362,1845.15110874668,1841.75
"1",1830.9375,1850.46424906619,1845.16016949827,1844.35
"1",1848.375,1841.2321007366,1843.71640260304,1842
"1",1863.65178571429,1830.52709736214,1833.47652886794,1831.15
"1",1865.48928571429,1854.65996523566,1851.17838225456,1850.65
"1",1844.23928571429,1848.07880855859,1854.27180648653,1851.95
"1",1846.85178571429,1895.35792014347,1892.14312566082,1890.75
"1",1835.9125,1872.88772553899,1883.64289107022,1879.75
"1",1828.93035714286,1880.7626568301,1882.02721704917,1880
"1",1846.6,1877.08271726334,1879.13871697179,1877.1
"1",1860.18928571429,1875.13144906417,1877.01575335605,1875
"1",1889.16428571429,1875.12149526661,1877.02101685259,1875
"1",1880.43392857143,1874.36481375371,1875.98249844479,1874.3
"1",1881.20714285714,1888.55251124409,1888.31804267634,1887.6
"1",1876.825,1890.07846883889,1889.48854256398,1887.6
"1",1879.15714285714,1939.88973412415,1944.10945458287,1943.2
"1",1872.66964285714,1956.927508692,1943.849332371,1940.35
"1",1867.83214285714,1932.71639650754,1934.90840790278,1931.95
"1",1878.79464285714,1920.05162309348,1922.32014165653,1920.1
"1",1893.00714285714,1858.5723216506,1866.37762652383,1862.9
"1",1943.90714285714,1831.27694249486,1847.57976518811,1847.25
"1",1948.07142857143,1837.56004983623,1842.02911060408,1841.25
"1",1942.12678571429,1859.09718242828,1858.83222721635,1858.85
"1",1911.14642857143,1843.98070169781,1843.39726469759,1841.75
"1",1858.15357142857,1836.63420010486,1840.09423653207,1839
"1",1845.46964285714,1832.19954035454,1834.47694245487,1833.05
"1",1847.40535714286,1834.19010256706,1835.66550206549,1834.7
"1",1859.38571428572,1859.92137519123,1857.2296425036,1856.6
"1",1842.4625,1865.1526539534,1864.023157767,1862.1
"1",1833.56607142857,1851.71751718808,1855.38769726041,1852.7
"1",1829.875,1856.71901017114,1858.66896698223,1856.85
"1",1839.14107142857,1856.88649799491,1858.18225807088,1856.6
"1",1856.875,1841.00385939703,1844.51297693335,1843
"1",1861.01071428571,1855.45215251674,1854.41170903327,1853.7
"1",1856.50178571429,1865.56339506714,1864.89895930135,1863.8
"1",1857.12857142857,1862.77795929782,1864.65212383757,1862.95
"1",1848.00178571429,1825.04549212525,1836.12009766505,1833.1
"1",1843.84107142857,1842.65168550991,1835.749484848,1835.45
"1",1854.58035714286,1778.71090895997,1787.4874256973,1785.9
"1",1869.40357142857,1791.95340941874,1802.88481882556,1802.95
"1",1867.82321428571,1826.24354920772,1835.97168884238,1835.25
"1",1838.62857142857,1834.30169864152,1841.84419878203,1839.6
"1",1819.87857142857,1842.08583538514,1844.05019477646,1842.65
"1",1783.43571428571,1839.87041244343,1841.98674335175,1840.1
"1",1805.11607142857,1817.76151699882,1818.22273847384,1816.35
"1",1836.05714285714,1820.02992631214,1817.74023527551,1817.3
"1",1841.43214285714,1795.41528752023,1796.41603798224,1794.25
"1",1844,1780.74875270401,1781.41609176274,1780.7
"1",1838.20714285714,1772.69720545544,1773.87917560111,1773.15
"1",1823.14642857143,1786.12912008693,1786.52471400336,1786.2
"1",1818.475,1808.09262534792,1808.3883867198,1807.45
"1",1790.20892857143,1798.99921662385,1801.62089163325,1799.65
"1",1773.20357142857,1787.77211764339,1789.60452476423,1788
"1",1772.66428571429,1779.62539141261,1780.5497425371,1779.65
"1",1788.83035714286,1739.23211443672,1743.69098294655,1742.85
"1",1807.98214285714,1730.44231784941,1734.24311085734,1734.15
"1",1802.91607142857,1723.28590614458,1724.1426821829,1723.85
"1",1791.675,1709.4776707096,1711.74492344732,1711.4
"1",1775.86785714286,1710.880240561,1712.39917489885,1712.1
"1",1742.84821428572,1691.46651463755,1696.94242108822,1696.25
"1",1733.00357142857,1681.65544442877,1688.09733975546,1687.05
"1",1726.98928571429,1724.48838134382,1716.63958242316,1716.9
"1",1715.02857142857,1719.67621043552,1716.3062904488,1716.2
"1",1707.18214285714,1725.87094098309,1725.56596084108,1724.25
"1",1688.35892857143,1701.03765917833,1706.22312074737,1704.8
"1",1693.35,1723.85654599106,1725.57421798364,1723.65
"1",1719.61964285714,1737.36002639292,1737.40111991671,1735
"1",1717.15,1729.80495484184,1731.94801164896,1729.65
"1",1716.06071428571,1724.95651899132,1727.82304736246,1725.9
"1",1708.30535714286,1735.33071967487,1735.50914184861,1735.2
"1",1727.07857142857,1737.76934494769,1737.22185869664,1736.15
"1",1732.18571428571,1725.53395256133,1727.04073356472,1726.2
"1",1727.97678571429,1730.1623755251,1731.10774515645,1730.5
"1",1729.575,1737.2715126467,1738.42375171757,1737.3
"1",1735.5875,1731.64459012652,1733.58647703845,1731.8
"1",1730.01785714286,1712.28082941441,1707.82950183448,1705.95
"1",1724.425,1688.54685106425,1685.32045603534,1683.95
"1",1736.95357142857,1697.10439204643,1691.36349830781,1691.05
"1",1746.90357142857,1724.25238954207,1726.11429231896,1726.05
"1",1731.30535714286,1734.73117996744,1745.33682279838,1744.65
"1",1695.3,1728.8226270409,1739.7502824861,1738.05
"1",1679.43035714286,1762.15587227893,1756.8229805044,1755.5
"1",1694.05357142857,1732.89550080172,1742.37933645798,1741.2
"1",1726.92678571429,1736.5834321693,1733.58290970195,1732.85
"1",1744.63928571429,1757.27209222072,1748.43810555512,1747.95
"1",1743.07321428571,1727.31957902651,1736.66381780275,1735.55
"1",1754.30178571429,1762.92056520408,1757.09467668023,1757.2
"1",1741.17142857143,1772.38498396502,1775.55090638347,1774.45
"1",1734.23035714286,1770.32974679766,1776.17254680556,1774.5
"1",1740.5375,1778.51485115399,1778.54598474179,1777.85
"1",1739.125,1802.05227104563,1798.27575049794,1798.2
"1",1758.675,1781.96703493817,1789.23602797368,1787.75
"1",1770.43571428572,1782.80693903684,1782.50734437068,1781.8
"1",1772.77857142857,1772.78702847748,1774.16558671767,1773.35
"1",1784.98392857143,1787.26469458566,1785.23792948379,1784.15
"1",1797.11071428572,1770.99816512357,1773.15346111473,1772.2
"1",1785.32857142857,1761.8520986259,1763.42725605174,1762.65
"1",1780.99107142857,1767.81415594686,1768.31601990719,1767.65
"1",1781.575,1790.41649137319,1798.18844339382,1797.75
"1",1781.00535714286,1779.46404426147,1783.58910628736,1782.25
"1",1768.79107142857,1802.37905553427,1813.45852587415,1813.15
"1",1763.96428571429,1834.5531495238,1837.65594262902,1836.55
"1",1771.24285714286,1842.15659230362,1842.1065592548,1840.45
"1",1786.00892857143,1829.80747707217,1830.60430216582,1829.1
"1",1784.03928571429,1831.37782009604,1831.79501446157,1830.7
"1",1817.43928571429,1821.54123497328,1822.74474483325,1821.8
"1",1840.38571428571,1836.50923294679,1839.11671214048,1838.1
"1",1841.1375,1852.58842927686,1854.46062994637,1853.7
"1",1829.72678571429,1867.23079012929,1867.98298082312,1866.75
"1",1826.87857142857,1891.02025529808,1889.57710636364,1888.45
"1",1819.53035714286,1879.79027723588,1879.78292293248,1878.3
"1",1835.66428571429,1875.19320023468,1876.71311649991,1875.9
"1",1854.83571428572,1880.14303210628,1882.13255025145,1880.15
"1",1873.15178571429,1887.57276263125,1887.8796623509,1887
"1",1887.73928571429,1901.59296447567,1900.68014461721,1899.75
"1",1875.39642857143,1891.88393271793,1893.21875260194,1891.45
"1",1874.76964285714,1898.79547037186,1900.75915763482,1899.95
"1",1880.67321428571,1901.25641200657,1901.22197335238,1899.35
"1",1889.6125,1903.48066705816,1903.72040498592,1902.75
"1",1893.26071428572,1854.57428014454,1867.79113187559,1866.55
"1",1895.14464285714,1881.29192543651,1891.07209884048,1890.6
"1",1904.29285714286,1892.27642069049,1890.60857648828,1888.4
"1",1902.20178571429,1892.01337301271,1894.51977197195,1893.15
"1",1893.31964285714,1894.9664960457,1895.67937282781,1894.6
"1",1869.84285714286,1889.87250782148,1889.27173375416,1888.65
"1",1888.50714285714,1880.83167181426,1881.97861076834,1881.05
"1",1888.23571428572,1867.20014815329,1867.05421484753,1865.6
"1",1895.29107142857,1865.68431451138,1865.797705324,1865.1
"1",1896.36428571429,1862.45172303481,1861.90959249152,1860.75
"1",1880.78035714286,1790.29281450829,1780.56300617709,1778.7
"1",1878.38392857143,1759.32269190984,1772.70164524469,1773.1
"1",1878.0625,1774.77107904008,1774.25142011917,1775.05
"1",1876.84464285714,1775.12780867871,1773.84261783388,1775.05
"1",1848.39285714286,1791.163256475,1792.70461846005,1791.6
"1",1776.69821428572,1785.67169888457,1784.54045928968,1784.85
"1",1771.27678571429,1786.3433044007,1787.59626745498,1786.65
"1",1772.96964285714,1780.50880682705,1779.01844495124,1780.3
"1",1776.05,1755.33304497551,1755.65112968324,1755.45
"1",1791.86964285714,1762.30283349876,1764.08661248867,1763.15
"1",1791.59464285715,1783.1259477382,1781.73448515886,1781.5
"1",1788.46428571429,1785.68704503421,1787.16134867632,1786.15
"1",1772.69821428572,1791.7865736552,1791.72923022666,1791.35
"1",1755.52142857143,1812.11774043175,1809.88501816751,1809.85
"1",1764.4625,1803.39194061729,1805.52444333922,1804.65
"1",1779.27142857143,1808.2203786004,1807.28692668008,1807.7
"1",1784.99642857143,1805.72966087839,1806.25081911906,1806
"1",1793.50357142857,1791.06896241758,1792.55907409012,1792.4
"1",1811.02678571429,1817.63828838409,1814.86208532914,1813.85
"1",1808.38214285714,1820.67335897157,1823.80835364836,1823.2
"1",1806.33392857143,1822.42643478072,1824.31892062364,1823.75
"1",1799.23035714286,1824.22526840986,1824.84444896809,1824.3
"1",1793.80892857143,1814.83567801106,1815.54307679634,1814.9
"1",1816.23571428571,1824.36872995662,1823.07081567877,1823.05
"1",1822.32321428572,1802.54871294306,1803.16452484034,1802.15
"1",1823.7375,1802.02801570926,1797.94677969604,1799.45
"1",1824.45892857143,1799.89930552676,1799.04526987506,1799.6
"1",1819.79107142857,1800.1270343639,1799.76340823823,1800.2
"1",1819.69821428572,1800.42094342539,1799.91918112224,1800.35
"1",1801.15892857143,1796.90608619388,1797.10363939428,1796.6
"1",1802.87321428571,1822.83032216217,1828.74713051572,1829.3
"1",1799.84107142857,1825.20589124736,1825.89871757094,1825.75
"1",1794.55892857143,1815.88641531422,1811.86674558305,1811.45
"1",1795.64464285714,1815.40300103293,1812.28596588119,1812.65
"1",1806.75178571429,1825.26311883403,1828.28481984651,1829.1
"1",1827.5,1805.57636442338,1801.37363769519,1800.75
"1",1816.61964285714,1777.79465672328,1764.73932718573,1762.9
"1",1810.7875,1737.88374965213,1738.38920262173,1738.85
"1",1823.38392857143,1719.99225838386,1722.86952102091,1723.35
"1",1835.05,1751.1125191258,1742.17038920967,1743.6
"1",1800.04821428572,1745.6324767201,1746.34845404044,1747.4
"1",1760.76071428572,1780.17207046949,1773.31803590661,1773.85
"1",1733.98571428572,1787.40753452943,1785.54721968188,1786.35
"1",1722.97678571429,1789.22941784779,1788.96973955304,1789.45
"1",1738.07142857143,1781.00976007191,1782.91730210892,1783.45
"1",1749.74464285714,1782.24343088233,1781.89326595049,1782.05
"1",1776.175,1778.16582771002,1779.71712939602,1779.05
"1",1790.41964285714,1809.98289191247,1801.95394691176,1802
"1",1789.69821428572,1807.38971407445,1808.86740404801,1808.45
"1",1778.23392857143,1777.85632436542,1789.05064961408,1788.7
"1",1777.08928571429,1789.10943308537,1786.04390104911,1786.6
"1",1786.32321428571,1804.10759559566,1797.6064587571,1798.5
"1",1808.025,1819.99369483643,1814.50636581522,1814.85
"1",1803.19642857143,1805.31302172231,1811.44641156947,1811.8
"1",1784.36964285714,1813.3090532362,1812.6610636266,1812.55
"1",1788.01964285714,1828.81015480202,1823.81680884659,1823.7
"1",1801.52321428572,1817.87819123713,1821.60019542792,1821.6
"1",1810.52142857143,1799.28619676353,1802.64692394312,1802.15
"1",1808.91071428572,1784.48628099037,1786.20321149002,1786
"1",1817.86071428571,1798.38363556598,1788.1369103262,1788.25
"1",1829.09107142857,1796.10102743574,1794.06139827125,1794.6
